Chemical,Type,State,Available,RName,CName,DName,Density1,Density2,Density3,Mm,Sol,Mp,Bp,KH,color1,alpha1,color2,alpha2,color3,alpha3,color4,alpha4,friction,restitution,JPN,CHN,TW,KR,Solk,MOH,KOH,MH,KH,PTN
Methane,Solid,L,yes,Methane,Methane,Methane,0.657,0.554,0.415,16.04,3.5,-182.5,-161.5,0.1,None,1,None,1,None,1,None,1,0.4,0.3,メタン,甲烷,甲烷,메탄,3.5,1,0,0,0,0
Ethane,Solid,L,yes,Ethane,Ethane,Ethane,1.356,1.069,0.544,30.07,5.9,-183.3,-88.6,0.1,None,1,None,1,None,1,None,1,0.4,0.3,エタン,乙烷,乙烷,에탄,5.9,1,0,0,0,0
Propane,Solid,L,yes,Propane,Propane,Propane,2.01,1.549,0.493,44.09,6.5,-187.7,-42.1,0.1,None,1,None,1,None,1,None,1,0.4,0.3,プロパン,丙烷,丙烷,프로판,6.5,1,0,0,0,0
Butane,Solid,L,yes,Butane,Butane,Butane,2.71,1.963,0.573,58.12,6.1,-138.4,-0.5,0.1,None,1,None,1,None,1,None,1,0.4,0.3,ブタン,丁烷,丁烷,부탄,6.1,1,0,0,0,0
Pentane,Solid,L,yes,Pentane,Pentane,Pentane,2.67,1.821,0.626,72.15,3.7,-129.8,36.1,0.1,None,1,None,1,None,1,None,1,0.4,0.3,ペンタン,戊烷,戊烷,펜탄,3.7,1,0,0,0,0
Hexane,Solid,L,yes,Hexane,Hexane,Hexane,2.97,1.891,0.659,86.18,0.001,2.7,69,0.1,None,1,None,1,None,1,None,1,0.4,0.3,ヘキサン,己烷,己烷,핵산,0.001,1,0,0,0,0
Heptane,Solid,L,yes,Heptane,Heptane,Heptane,3.19,1.984,0.684,100.2,0.0002,90.5,98.4,0.1,None,1,None,1,None,1,None,1,0.4,0.3,ヘプタン,庚烷,庚烷,헵탄,0.0002,1,0,0,0,0
Octane,Solid,L,yes,Octane,Octane,Octane,3.51,2.105,0.703,114.23,0.00006,57,125.7,0.1,None,1,None,1,None,1,None,1,0.4,0.3,オクタール,辛烷,辛烷,옥탄,0.00006,1,0,0,0,0
Nonane,Solid,L,yes,Nonane,Nonane,Nonane,3.84,2.22,0.718,128.25,0.00002,-64,151,0.1,None,1,None,1,None,1,None,1,0.4,0.3,ノナン,壬烷,壬烷,노난,0.00002,1,0,0,0,0
Decane,Solid,L,yes,Decane,Decane,Decane,4.19,2.34,0.73,142.29,0.00001,29.7,174.1,0.1,None,1,None,1,None,1,None,1,0.4,0.3,デカン,癸烷,癸烷,데kan,0.00001,1,0,0,0,0
Ethylene,Solid,G,yes,Ethylene,Ethylene,Ethylene,1.178,0.568,-169.2,28.05,3.4,-169.4,-103.7,0.1,None,1,None,1,None,1,None,1,0.4,0.3,エチレン,乙烯,乙烯,에틸렌,3.4,1,0,0,0,0
Propylene,Solid,G,yes,Propylene,Propylene,Propylene,1.946,0.493,-185.2,42.08,4.4,-185.2,-47.6,0.1,None,1,None,1,None,1,None,1,0.4,0.3,プロパン,丙烯,丙烯,프로필렌,4.4,1,0,0,0,0
1-Butene,Solid,G,yes,1-Butene,1-Butene,1-Butene,2.59,0.588,-185.4,56.11,4.8,-185.4,-6.3,0.1,None,1,None,1,None,1,None,1,0.4,0.3,1-ブテン,1-丁烯,1-丁烯,1-부텐,4.8,1,0,0,0,0
1-Pentene,Solid,L,yes,1-Pentene,1-Pentene,1-Pentene,2.97,0.64,-165.2,70.13,6.2,-165.2,30,0.1,None,1,None,1,None,1,None,1,0.4,0.3,1-ペンテン,1-戊烯,1-戊烯,1-펜텐,6.2,1,0,0,0,0
1-Hexene,Solid,L,yes,1-Hexene,1-Hexene,1-Hexene,3.39,0.673,-139.8,84.16,4.5,-139.8,63.4,0.1,None,1,None,1,None,1,None,1,0.4,0.3,1-ヘキセン,1-己烯,1-己烯,1-헥센,4.5,1,0,0,0,0
Acetylene,Solid,G,yes,Acetylene,Acetylene,Acetylene,0.906,-80.8,28.03,0.13,-80.8,-84,0.1,None,1,None,1,None,1,None,1,0.4,0.3,アセチレン,乙炔,乙炔,아세틸렌,0.13,1,0,0,0,0
Methanol,Solid,L,yes,Methanol,Methanol,Methanol,0.791,0.793,0.792,32.04,100,-97.6,64.7,0.1,None,1,None,1,None,1,None,1,0.4,0.3,メタノール,甲醇,甲醇,메탄올,100,1,1,0,0,0
Ethanol,Solid,L,yes,Ethanol,Ethanol,Ethanol,0.789,0.789,0.789,46.07,100,-114.1,78.4,0.1,None,1,None,1,None,1,None,1,0.4,0.3,エチルアルコール,乙醇,乙醇,에탄올,100,1,1,0,0,0
1-Propanol,Solid,L,yes,1-Propanol,1-Propanol,1-Propanol,0.804,0.804,0.8,60.1,100,-127,97.2,0.1,None,1,None,1,None,1,None,1,0.4,0.3,1-プロパノール,1-丙醇,1-丙醇,1-프로판올,100,1,1,0,0,0
2-Propanol,Solid,L,yes,2-Propanol,2-Propanol,2-Propanol,0.786,0.785,0.785,60.1,100,-89.5,82.4,0.1,None,1,None,1,None,1,None,1,0.4,0.3,2-プロパノール,2-丙醇,2-丙醇,2-프로판올,100,1,1,0,0,0
1-Butanol,Solid,L,yes,1-Butanol,1-Butanol,1-Butanol,0.81,0.81,0.81,74.12,100,-89.5,117.7,0.1,None,1,None,1,None,1,None,1,0.4,0.3,1-ブタanol,1-丁醇,1-丁醇,1-부탄올,100,1,1,0,0,0
2-Butanol,Solid,L,yes,2-Butanol,2-Butanol,2-Butanol,0.808,0.808,0.808,74.12,100,-114.7,99.5,0.1,None,1,None,1,None,1,None,1,0.4,0.3,2-ブタanol,2-丁醇,2-丁醇,2-부탄올,100,1,1,0,0,0
1-Pentanol,Solid,L,yes,1-Pentanol,1-Pentanol,1-Pentanol,0.814,0.814,0.814,88.15,22,-78.9,138,0.1,None,1,None,1,None,1,None,1,0.4,0.3,1-ペンタanol,1-戊醇,1-戊醇,1-펜탄올,22,1,1,0,0,0
1-Hexanol,Solid,L,yes,1-Hexanol,1-Hexanol,1-Hexanol,0.819,0.819,0.819,102.17,6.3,-46.7,157,0.1,None,1,None,1,None,1,None,1,0.4,0.3,1-ヘキサンol,1-己醇,1-己醇,1-헥산올,6.3,1,1,0,0,0
1-Heptanol,Solid,L,yes,1-Heptanol,1-Heptanol,1-Heptanol,0.822,0.822,0.822,116.2,1.7,-34.1,176,0.1,None,1,None,1,None,1,None,1,0.4,0.3,1-ヘプタanol,1-庚醇,1-庚醇,1-헵탄올,1.7,1,1,0,0,0
1-Octanol,Solid,L,yes,1-Octanol,1-Octanol,1-Octanol,0.827,0.827,0.827,130.23,0.3,-16.3,195,0.1,None,1,None,1,None,1,None,1,0.4,0.3,1-オクタanol,1-辛醇,1-辛醇,1-옥탄올,0.3,1,1,0,0,0
Ethylene glycol,Solid,L,yes,Ethylene glycol,Ethylene glycol,Ethylene glycol,1.113,1.11,1.108,62.07,100,-13.4,197.3,0.1,None,1,None,1,None,1,None,1,0.4,0.3,エチレングリコール,乙二醇,乙二醇,에틸렌 글리콜,100,1,1,0,0,0
Propylene glycol,Solid,L,yes,Propylene glycol,Propylene glycol,Propylene glycol,1.036,1.036,1.036,76.09,100,-59,188.2,0.1,None,1,None,1,None,1,None,1,0.4,0.3,プロパレングリコール,丙二醇,丙二醇,프로필렌 글리콜,100,1,1,0,0,0
Glycerol,Solid,L,yes,Glycerol,Glycerol,Glycerol,1.261,1.261,1.261,92.09,100,17.8,290,0.1,None,1,None,1,None,1,None,1,0.4,0.3,グリセロール,甘油,甘油,글리세롤,100,1,1,0,0,0
Formaldehyde,Solid,G,yes,Formaldehyde,Formaldehyde,Formaldehyde,0.815,-92,30.03,40,-92,-19.1,0.1,None,1,None,1,None,1,None,1,0.4,0.3,ホルムアルデヒド,甲醛,甲醛,포름알데히드,40,1,0,0,0,0
Acetaldehyde,Solid,L,yes,Acetaldehyde,Acetaldehyde,Acetaldehyde,0.788,-121,44.05,100,-123.4,20.2,0.1,None,1,None,1,None,1,None,1,0.4,0.3,アセトアルデヒド,乙醛,乙醛,아세트알데히드,100,1,0,0,0,0
Propionaldehyde,Solid,L,yes,Propionaldehyde,Propionaldehyde,Propionaldehyde,0.866,-81,58.08,16,48,-80,0.1,None,1,None,1,None,1,None,1,0.4,0.3,プロピオンアルデヒド,丙醛,丙醛,프로피온알데히드,16,1,0,0,0,0
Butyraldehyde,Solid,L,yes,Butyraldehyde,Butyraldehyde,Butyraldehyde,0.817,-99,72.11,3.7,-96,75,0.1,None,1,None,1,None,1,None,1,0.4,0.3,酪酸アルデヒド,丁醛,丁醛,부틸알데히드,3.7,1,0,0,0,0
Acetone,Solid,L,yes,Acetone,Acetone,Acetone,0.786,0.786,0.786,58.08,100,-94.7,56.1,0.1,None,1,None,1,None,1,None,1,0.4,0.3,アセトン,丙酮,丙酮,아세톤,100,1,0,0,0,0
Methyl ethyl ketone,Solid,L,yes,Methyl ethyl ketone,Methyl ethyl ketone,Methyl ethyl ketone,0.805,0.805,0.805,72.11,27.4,-86.4,79.6,0.1,None,1,None,1,None,1,None,1,0.4,0.3,メチ儿エ儿ルケトン,丁酮,丁酮,메틸 에틸 케톤,27.4,1,0,0,0,0
Acetic acid,Solid,L,yes,Acetic acid,Acetic acid,Acetic acid,1.049,1.049,1.049,60.05,100,16.6,117.9,0.1,None,1,None,1,None,1,None,1,0.4,0.3,酶酸,乙酸,乙酸,아세트산,100,1,1,0,0,0
Propionic acid,Solid,L,yes,Propionic acid,Propionic acid,Propionic acid,0.993,0.993,0.993,74.08,100,-20.7,140.7,0.1,None,1,None,1,None,1,None,1,0.4,0.3,プロぴオン酸,丙酸,丙酸,프로피온산,100,1,1,0,0,0
Butyric acid,Solid,L,yes,Butyric acid,Butyric acid,Butyric acid,0.964,0.964,0.964,88.11,100,-7.9,163.5,0.1,None,1,None,1,None,1,None,1,0.4,0.3,酪酸,丁酸,丁酸,부티르산,100,1,1,0,0,0
Valeric acid,Solid,L,yes,Valeric acid,Valeric acid,Valeric acid,0.939,0.939,0.939,102.13,3.4,-34.5,186.5,0.1,None,1,None,1,None,1,None,1,0.4,0.3,吉草酸,戊酸,戊酸,발레린산,3.4,1,1,0,0,0
Caproic acid,Solid,L,yes,Caproic acid,Caproic acid,Caproic acid,0.927,0.927,0.927,116.16,1.1,-3.4,205,0.1,None,1,None,1,None,1,None,1,0.4,0.3,カプロン酸,己酸,己酸,카프로닉산,1.1,1,1,0,0,0
Caprylic acid,Solid,L,yes,Caprylic acid,Caprylic acid,Caprylic acid,0.91,0.91,0.91,144.21,0.07,16.3,239,0.1,None,1,None,1,None,1,None,1,0.4,0.3,カプリル酸,辛酸,辛酸,카프릴산,0.07,1,1,0,0,0
Capric acid,Solid,S,yes,Capric acid,Capric acid,Capric acid,0.893,0.893,0.893,172.26,0.015,31.3,268,0.1,None,1,None,1,None,1,None,1,0.4,0.3,カプリン酸,癸酸,癸酸,카프르산,0.015,1,1,0,0,0
Lauric acid,Solid,S,yes,Lauric acid,Lauric acid,Lauric acid,0.883,0.883,0.883,200.32,0.004,43.8,298,0.1,None,1,None,1,None,1,None,1,0.4,0.3,月桂酸,月桂酸,月桂酸,라우르산,0.004,1,1,0,0,0
Myristic acid,Solid,S,yes,Myristic acid,Myristic acid,Myristic acid,0.872,0.872,0.872,228.37,0.002,54.4,326,0.1,None,1,None,1,None,1,None,1,0.4,0.3,ミリスチン酸,肉豆蔻酸,肉豆蔻酸,미리스틱산,0.002,1,1,0,0,0
Palmitic acid,Solid,S,yes,Palmitic acid,Palmitic acid,Palmitic acid,0.853,0.853,0.853,256.43,0.0006,62.9,351,0.1,None,1,None,1,None,1,None,1,0.4,0.3,パルミチン酸,棕榈酸,棕櫚酸,팔미트산,0.0006,1,1,0,0,0
Stearic acid,Solid,S,yes,Stearic acid,Stearic acid,Stearic acid,0.845,0.845,0.845,284.48,0.0003,69.3,376,0.1,None,1,None,1,None,1,None,1,0.4,0.3,ステアリン酸,硬脂酸,硬脂酸,스테아르산,0.0003,1,1,0,0,0
Oxalic acid,Solid,S,yes,Oxalic acid,Oxalic acid,Oxalic acid,1.9,1.9,1.9,90.03,10.6,189.5,365,0.1,None,1,None,1,None,1,None,1,0.4,0.3,シュウ酸,草酸,草酸,옥살산,10.6,1,1,0,0,0
Malonic acid,Solid,S,yes,Malonic acid,Malonic acid,Malonic acid,1.619,1.619,1.619,104.06,73.5,135.6,244,0.1,None,1,None,1,None,1,None,1,0.4,0.3,マロン酸,丙二酸,丙二酸,말론산,73.5,1,1,0,0,0
Succinic acid,Solid,S,yes,Succinic acid,Succinic acid,Succinic acid,1.56,1.56,1.56,118.09,7.1,185,288,0.1,None,1,None,1,None,1,None,1,0.4,0.3,コハク酸,丁二酸,丁二酸,석신산,7.1,1,1,0,0,0
Glutaric acid,Solid,S,yes,Glutaric acid,Glutaric acid,Glutaric acid,1.429,1.429,1.429,132.12,43,95.5,303,0.1,None,1,None,1,None,1,None,1,0.4,0.3,グルタル酸,戊二酸,戊二酸,글루타르산,43,1,1,0,0,0
Adipic acid,Solid,S,yes,Adipic acid,Adipic acid,Adipic acid,1.36,1.36,1.36,146.14,1.4,152,265,0.1,None,1,None,1,None,1,None,1,0.4,0.3,アジピン酸,己二酸,己二酸,아디프산,1.4,1,1,0,0,0
Methyl acetate,Solid,L,yes,Methyl acetate,Methyl acetate,Methyl acetate,0.934,0.934,0.934,74.08,24.5,-98.1,56.9,0.1,None,1,None,1,None,1,None,1,0.4,0.3,酶酸メチ儿,乙酸甲酯,乙酸甲酯,메틸 아세테이트,24.5,1,0,0,0,0
Ethyl acetate,Solid,L,yes,Ethyl acetate,Ethyl acetate,Ethyl acetate,0.9,0.9,0.9,88.11,8.3,-83.6,77.1,0.1,None,1,None,1,None,1,None,1,0.4,0.3,酶酸エチル,乙酸乙酯,乙酸乙酯,에틸 아세테이트,8.3,1,0,0,0,0
Propyl acetate,Solid,L,yes,Propyl acetate,Propyl acetate,Propyl acetate,0.888,0.888,0.888,102.13,1.9,-92.5,101.5,0.1,None,1,None,1,None,1,None,1,0.4,0.3,酶酸プロビル,乙酸丙酯,乙酸丙酯,프로필 아세테이트,1.9,1,0,0,0,0
Butyl acetate,Solid,L,yes,Butyl acetate,Butyl acetate,Butyl acetate,0.882,0.882,0.882,116.16,0.7,-77.9,126.5,0.1,None,1,None,1,None,1,None,1,0.4,0.3,酶酸ブチル,乙酸丁酯,乙酸丁酯,부틸 아세테이트,0.7,1,0,0,0,0
Dimethyl ether,Solid,G,yes,Dimethyl ether,Dimethyl ether,Dimethyl ether,2.109,0.66,-141.5,46.07,35.1,-141.5,-24.8,0.1,None,1,None,1,None,1,None,1,0.4,0.3,ジメチ儿エーテ儿,二甲醚,二甲醚,디메틸 에테르,35.1,1,0,0,0,0
Diethyl ether,Solid,L,yes,Diethyl ether,Diethyl ether,Diethyl ether,0.713,0.713,0.713,74.12,6.9,-116.3,34.6,0.1,None,1,None,1,None,1,None,1,0.4,0.3,ジエチルエーテ儿,二乙醚,二乙醚,디에틸 에테르,6.9,1,0,0,0,0
Methylamine,Solid,G,yes,Methylamine,Methylamine,Methylamine,0.699,-93.5,31.06,108,-93.5,-6.4,0.1,None,1,None,1,None,1,None,1,0.4,0.3,メチ儿アミン,甲胺,甲胺,메틸아민,108,1,1,0,0,0
Ethylamine,Solid,L,yes,Ethylamine,Ethylamine,Ethylamine,0.689,-81,45.08,100,-81,16.6,0.1,None,1,None,1,None,1,None,1,0.4,0.3,エチルアミン,乙胺,乙胺,에틸아민,100,1,1,0,0,0
Dimethylamine,Solid,G,yes,Dimethylamine,Dimethylamine,Dimethylamine,0.68,-92.2,45.08,354,-92.2,7,0.1,None,1,None,1,None,1,None,1,0.4,0.3,ジメチ儿アミン,二甲胺,二甲胺,디메틸아민,354,1,1,0,0,0
Trimethylamine,Solid,G,yes,Trimethylamine,Trimethylamine,Trimethylamine,0.627,-117.2,59.11,89.3,-117.2,3,0.1,None,1,None,1,None,1,None,1,0.4,0.3,トリメチ儿アミン,三甲胺,三甲胺,트리메틸아민,89.3,1,1,0,0,0
Diethylamine,Solid,L,yes,Diethylamine,Diethylamine,Diethylamine,0.707,-50,-49,73.14,100,-50,55.5,0.1,None,1,None,1,None,1,None,1,0.4,0.3,ジェチルアミン,二乙胺,二乙胺,디에틸아민,100,1,1,0,0,0
Triethylamine,Solid,L,yes,Triethylamine,Triethylamine,Triethylamine,0.728,-114.7,101.19,16.9,-114.7,89,0.1,None,1,None,1,None,1,None,1,0.4,0.3,トリエチルアミン,三乙胺,三乙胺,트리에틸아민,16.9,1,1,0,0,0
Acetamide,Solid,S,yes,Acetamide,Acetamide,Acetamide,1.16,1.16,1.16,59.07,100,82.3,221.2,0.1,None,1,None,1,None,1,None,1,0.4,0.3,アセトアミド,乙酰胺,乙酰胺,아세트아미드,100,1,1,0,0,0
Formamide,Solid,L,yes,Formamide,Formamide,Formamide,1.134,1.134,1.134,45.04,100,2.5,210.5,0.1,None,1,None,1,None,1,None,1,0.4,0.3,ホルムアミド,甲酰胺,甲酰胺,포름아마이드,100,1,1,0,0,0
Acetonitrile,Solid,L,yes,Acetonitrile,Acetonitrile,Acetonitrile,0.786,0.786,0.786,41.05,100,-44,81.6,0.1,None,1,None,1,None,1,None,1,0.4,0.3,アセトニトリ儿,乙腈,乙腈,아세토니트릴,100,1,0,0,0,0
Benzene,Solid,L,yes,Benzene,Benzene,Benzene,0.879,0.879,0.879,78.11,0.18,5.5,80.1,0.1,None,1,None,1,None,1,None,1,0.4,0.3,ベンゼン,苯,苯,벤젠,0.18,1,0,0,0,0
Toluene,Solid,L,yes,Toluene,Toluene,Toluene,0.867,0.867,0.867,92.14,0.052,-95,110.6,0.1,None,1,None,1,None,1,None,1,0.4,0.3,トルエン,甲苯,甲苯,톨루엔,0.052,1,0,0,0,0
Xylene,Solid,L,yes,Xylene,Xylene,Xylene,0.88,0.88,0.88,106.16,0.02,13.3,138-144,0.1,None,1,None,1,None,1,None,1,0.4,0.3,キシレン,二甲苯,二甲苯,자일렌,0.02,1,0,0,0,0
Ethylbenzene,Solid,L,yes,Ethylbenzene,Ethylbenzene,Ethylbenzene,0.867,0.867,0.867,106.16,0.015,-95,136,0.1,None,1,None,1,None,1,None,1,0.4,0.3,エチルベンゼン,乙苯,乙苯,에틸벤젠,0.015,1,0,0,0,0
Styrene,Solid,L,yes,Styrene,Styrene,Styrene,0.906,0.906,0.906,104.15,0.03,-30.6,145,0.1,None,1,None,1,None,1,None,1,0.4,0.3,ス伵レン,苯乙烯,苯乙烯,스타이렌,0.03,1,0,0,0,0
Phenol,Solid,S,yes,Phenol,Phenol,Phenol,1.071,1.071,1.071,94.11,8.3,40.5,181.9,0.1,None,1,None,1,None,1,None,1,0.4,0.3,フェルール,苯酚,苯酚,페놀,8.3,1,1,0,0,0
Aniline,Solid,L,yes,Aniline,Aniline,Aniline,1.022,1.022,1.022,93.13,3.4,-6.3,184.4,0.1,None,1,None,1,None,1,None,1,0.4,0.3,アニリン,苯胺,苯胺,아닐린,3.4,1,1,0,0,0
Nitrobenzene,Solid,L,yes,Nitrobenzene,Nitrobenzene,Nitrobenzene,1.204,1.204,1.204,123.11,0.02,5.7,210.8,0.1,None,1,None,1,None,1,None,1,0.4,0.3,二トロベンゼン,硝基苯,硝基苯,나이트로벤젠,0.02,1,0,0,0,0
Chloroform,Solid,L,yes,Chloroform,Chloroform,Chloroform,1.483,1.483,1.483,119.38,0.8,-63.5,60.5,0.1,None,1,None,1,None,1,None,1,0.4,0.3,クロロホルム,三氯甲烷,三氯甲烷,클로로포름,0.8,1,0,0,0,0
Carbon tetrachloride,Solid,L,yes,Carbon tetrachloride,Carbon tetrachloride,Carbon tetrachloride,1.594,1.594,1.594,153.82,0.077,-22.9,76.7,0.1,None,1,None,1,None,1,None,1,0.4,0.3,四塩化炭素,四氯化碳,四氯化碳,사염화탄소,0.077,1,0,0,0,0
Dichloromethane,Solid,L,yes,Dichloromethane,Dichloromethane,Dichloromethane,1.327,1.327,1.327,84.93,1.3,-97,40,0.1,None,1,None,1,None,1,None,1,0.4,0.3,ジクロロメタ儿,二氯甲烷,二氯甲烷,디클로로메탄,1.3,1,0,0,0,0
1,2-Dichloroethane,Solid,L,yes,1,2-Dichloroethane,1,2-Dichloroethane,1,2-Dichloroethane,1.245,1.245,1.245,98.96,0.87,-35.7,84,0.1,None,1,None,1,None,1,None,1,0.4,0.3,1,2-ジクロロエタン,1,2-二氯乙烷,1,2-二氯乙烷,1,2-디클로로에탄,0.87,1,0,0,0,0
Trichloroethylene,Solid,L,yes,Trichloroethylene,Trichloroethylene,Trichloroethylene,1.462,1.462,1.462,131.4,0.11,-84.8,87.2,0.1,None,1,None,1,None,1,None,1,0.4,0.3,トリクロロエチレン,三氯乙烯,三氯乙烯,트리클로로에틸렌,0.11,1,0,0,0,0
Tetrachloroethylene,Solid,L,yes,Tetrachloroethylene,Tetrachloroethylene,Tetrachloroethylene,1.623,1.623,1.623,165.83,0.015,-22.3,121.1,0.1,None,1,None,1,None,1,None,1,0.4,0.3,テトラクロロエチレン,四氯乙烯,四氯乙烯,테트라클로로에틸렌,0.015,1,0,0,0,0
Sodium chloride,Solid,S,yes,Sodium chloride,Sodium chloride,Sodium chloride,2.165,2.165,2.165,58.44,35.7,801,1413,0.1,White,1,None,1,None,1,None,1,0.4,0.3,塩化ナトリウム,氯化钠,氯化鈉,염화나트륨,35.7,0,0,1,0,0
Potassium chloride,Solid,S,yes,Potassium chloride,Potassium chloride,Potassium chloride,1.988,1.988,1.988,74.55,34.4,770,1420,0.1,White,1,None,1,None,1,None,1,0.4,0.3,塩化カリウム,氯化钾,氯化鉀,염화칼륨,34.4,0,0,1,0,0
Calcium chloride,Solid,S,yes,Calcium chloride,Calcium chloride,Calcium chloride,2.15,2.15,2.15,110.98,74.5,772,1935,0.1,White,1,None,1,None,1,None,1,0.4,0.3,塩化カルシウム,氯化钙,氯化鈣,염화칼슘,74.5,0,0,1,0,0
Magnesium chloride,Solid,S,yes,Magnesium chloride,Magnesium chloride,Magnesium chloride,2.32,2.32,2.32,95.21,54.3,714,1412,0.1,White,1,None,1,None,1,None,1,0.4,0.3,塩化マグネシウム,氯化镁,氯化鎂,염화마그네슘,54.3,0,0,1,0,0
Barium chloride,Solid,S,yes,Barium chloride,Barium chloride,Barium chloride,3.856,3.856,3.856,208.23,37,962,1560,0.1,White,1,None,1,None,1,None,1,0.4,0.3,塩化バリウム,氯化钡,氯化鋇,염화바륨,37,0,0,1,0,0
Iron(II) chloride,Solid,S,yes,Iron(II) chloride,Iron(II) chloride,Iron(II) chloride,3.16,3.16,3.16,126.75,64.4,677,1023,0.1,Green,1,None,1,None,1,None,1,0.4,0.3,塩化鉄(II),氯化亚铁,氯化亞鐵,염화철(II),64.4,0,0,1,0,0
Iron(III) chloride,Solid,S,yes,Iron(III) chloride,Iron(III) chloride,Iron(III) chloride,2.898,2.898,2.898,162.2,91.2,306,316,0.1,Brown,1,None,1,None,1,None,1,0.4,0.3,塩化鉄(III),氯化铁,氯化鐵,염화철(III),91.2,0,0,1,0,0
Copper(I) chloride,Solid,S,yes,Copper(I) chloride,Copper(I) chloride,Copper(I) chloride,4.14,4.14,4.14,99,0.001,430,1490,0.1,White,1,None,1,None,1,None,1,0.4,0.3,塩化銅(I),氯化亚铜,氯化亞銅,염화구리(I),0.001,0,0,1,0,0
Copper(II) chloride,Solid,S,yes,Copper(II) chloride,Copper(II) chloride,Copper(II) chloride,3.386,3.386,3.386,134.45,75.7,620,993,0.1,Green,1,None,1,None,1,None,1,0.4,0.3,塩化銅(II),氯化铜,氯化銅,염화구리(II),75.7,0,0,1,0,0
Zinc chloride,Solid,S,yes,Zinc chloride,Zinc chloride,Zinc chloride,2.907,2.907,2.907,136.29,432,283,732,0.1,White,1,None,1,None,1,None,1,0.4,0.3,塩化亜鉛,氯化锌,氯化鋅,염화아연,432,0,0,1,0,0
Aluminum chloride,Solid,S,yes,Aluminum chloride,Aluminum chloride,Aluminum chloride,2.48,2.48,2.48,133.34,44.9,192.6,180,0.1,White,1,None,1,None,1,None,1,0.4,0.3,塩化アルミニウム,氯化铝,氯化鋁,염화알루미늄,44.9,0,0,1,0,0
Sodium bromide,Solid,S,yes,Sodium bromide,Sodium bromide,Sodium bromide,3.21,3.21,3.21,102.89,93.1,747,1390,0.1,White,1,None,1,None,1,None,1,0.4,0.3,臭化ナトリウム,溴化钠,溴化鈉,브롬화나트륨,93.1,0,0,1,0,0
Potassium bromide,Solid,S,yes,Potassium bromide,Potassium bromide,Potassium bromide,2.75,2.75,2.75,119,67.8,734,1435,0.1,White,1,None,1,None,1,None,1,0.4,0.3,臭化カリウム,溴化钾,溴化鉀,브롬화칼륨,67.8,0,0,1,0,0
Sodium iodide,Solid,S,yes,Sodium iodide,Sodium iodide,Sodium iodide,3.67,3.67,3.67,149.89,184.2,661,1304,0.1,White,1,None,1,None,1,None,1,0.4,0.3,よう化ナトリウム,碘化钠,碘化鈉,요오드화나트륨,184.2,0,0,1,0,0
Potassium iodide,Solid,S,yes,Potassium iodide,Potassium iodide,Potassium iodide,3.13,3.13,3.13,166,140,681,1330,0.1,White,1,None,1,None,1,None,1,0.4,0.3,よう化カリウム,碘化钾,碘化鉀,요오드화칼륨,140,0,0,1,0,0
Calcium bromide,Solid,S,yes,Calcium bromide,Calcium bromide,Calcium bromide,3.35,3.35,3.35,199.89,125,730,812,0.1,White,1,None,1,None,1,None,1,0.4,0.3,臭化カルシウム,溴化钙,溴化鈣,브롬화칼슘,125,0,0,1,0,0
Sodium fluoride,Solid,S,yes,Sodium fluoride,Sodium fluoride,Sodium fluoride,2.558,2.558,2.558,41.99,4.1,996,1704,0.1,White,1,None,1,None,1,None,1,0.4,0.3,フッ化ナトリウム,氟化钠,氟化鈉,플루오린화나트륨,4.1,0,0,1,0,0
Potassium fluoride,Solid,S,yes,Potassium fluoride,Potassium fluoride,Potassium fluoride,2.48,2.48,2.48,58.1,92.2,858,1502,0.1,White,1,None,1,None,1,None,1,0.4,0.3,フッ化カリウム,氟化钾,氟化鉀,플루오린화칼륨,92.2,0,0,1,0,0
Sodium sulfide,Solid,S,yes,Sodium sulfide,Sodium sulfide,Sodium sulfide,1.856,1.856,1.856,78.04,19,1172,1188,0.1,Yellow,1,None,1,None,1,None,1,0.4,0.3,硫化ナトリウム,硫化钠,硫化鈉,황화나트륨,19,0,0,1,0,0
Potassium sulfide,Solid,S,yes,Potassium sulfide,Potassium sulfide,Potassium sulfide,1.847,1.847,1.847,110.26,19.2,840,912,0.1,Yellow,1,None,1,None,1,None,1,0.4,0.3,硫化カリウム,硫化钾,硫化鉀,황화칼륨,19.2,0,0,1,0,0
Sodium hydroxide,Solid,S,yes,Sodium hydroxide,Sodium hydroxide,Sodium hydroxide,2.13,2.13,2.13,40,50,323,1388,0.1,White,1,None,1,None,1,None,1,0.4,0.3,水酸化ナトリウム,氢氧化钠,氫氧化鈉,수산화나트륨,50,0,0,1,1,0
Potassium hydroxide,Solid,S,yes,Potassium hydroxide,Potassium hydroxide,Potassium hydroxide,2.12,2.12,2.12,56.11,121,360,1327,0.1,White,1,None,1,None,1,None,1,0.4,0.3,水酸化カリウム,氢氧化钾,氫氧化鉀,수산화칼륨,121,0,0,1,1,0
Calcium hydroxide,Solid,S,yes,Calcium hydroxide,Calcium hydroxide,Calcium hydroxide,2.24,2.24,2.24,74.09,0.165,580,2850,0.1,White,1,None,1,None,1,None,1,0.4,0.3,水酸化カルシウム,氢氧化钙,氫氧化鈣,수산화칼슘,0.165,0,0,1,1,0
Magnesium hydroxide,Solid,S,yes,Magnesium hydroxide,Magnesium hydroxide,Magnesium hydroxide,2.36,2.36,2.36,58.32,0.0009,350,700,0.1,White,1,None,1,None,1,None,1,0.4,0.3,水酸化マグネシウム,氢氧化镁,氫氧化鎂,수산화마그네슘,0.0009,0,0,1,1,0
Barium hydroxide,Solid,S,yes,Barium hydroxide,Barium hydroxide,Barium hydroxide,3.74,3.74,3.74,171.34,3.9,78,1038,0.1,White,1,None,1,None,1,None,1,0.4,0.3,水酸化バリウム,氢氧化钡,氫氧化鋇,수산화바륨,3.9,0,0,1,1,0
Ammonia,Solid,G,yes,Ammonia,Ammonia,Ammonia,0.73,0.681,0.596,17.03,35.3,-77.7,-33.4,0.1,None,1,None,1,None,1,None,1,0.4,0.3,アンomia,氨,氨,암모니아,35.3,1,1,0,0,0
Ammonium chloride,Solid,S,yes,Ammonium chloride,Ammonium chloride,Ammonium chloride,1.527,1.527,1.527,53.49,37.2,338,520,0.1,White,1,None,1,None,1,None,1,0.4,0.3,塩化アンomia,氯化铵,氯化銨,염화암모늄,37.2,0,0,1,0,0
Ammonium nitrate,Solid,S,yes,Ammonium nitrate,Ammonium nitrate,Ammonium nitrate,1.725,1.725,1.725,80.04,192,169,210,0.1,White,1,None,1,None,1,None,1,0.4,0.3,硝酸アンomia,硝酸铵,硝酸銨,질산암모늄,192,0,0,1,0,0
Ammonium sulfate,Solid,S,yes,Ammonium sulfate,Ammonium sulfate,Ammonium sulfate,1.769,1.769,1.769,132.14,75.4,280,280,0.1,White,1,None,1,None,1,None,1,0.4,0.3,硫酸アンomia,硫酸铵,硫酸銨,황산암모늄,75.4,0,0,1,0,0
Sodium nitrate,Solid,S,yes,Sodium nitrate,Sodium nitrate,Sodium nitrate,2.261,2.261,2.261,84.99,91.2,308,380,0.1,White,1,None,1,None,1,None,1,0.4,0.3,硝酸ナトリウム,硝酸钠,硝酸鈉,질산나트륨,91.2,0,0,1,0,0
Potassium nitrate,Solid,S,yes,Potassium nitrate,Potassium nitrate,Potassium nitrate,2.109,2.109,2.109,101.1,31.6,333,400,0.1,White,1,None,1,None,1,None,1,0.4,0.3,硝酸カリウム,硝酸钾,硝酸鉀,질산칼륨,31.6,0,0,1,0,0
Sodium carbonate,Solid,S,yes,Sodium carbonate,Sodium carbonate,Sodium carbonate,2.54,2.54,2.54,105.99,21.8,856,1600,0.1,White,1,None,1,None,1,None,1,0.4,0.3,炭酸ナトリウム,碳酸钠,碳酸鈉,탄산나트륨,21.8,0,0,1,1,0
Sodium bicarbonate,Solid,S,yes,Sodium bicarbonate,Sodium bicarbonate,Sodium bicarbonate,2.2,2.2,2.2,84.01,9.6,50,851,0.1,White,1,None,1,None,1,None,1,0.4,0.3,炭酸水素ナトリウム,碳酸氢钠,碳酸氫鈉,탄산수소나트륨,9.6,0,0,1,1,0
Calcium carbonate,Solid,S,yes,Calcium carbonate,Calcium carbonate,Calcium carbonate,2.71,2.71,2.71,100.09,0.001,825,1339,0.1,White,1,None,1,None,1,None,1,0.4,0.3,炭酸カルシウム,碳酸钙,碳酸鈣,탄산칼슘,0.001,0,0,1,1,0
Magnesium carbonate,Solid,S,yes,Magnesium carbonate,Magnesium carbonate,Magnesium carbonate,2.96,2.96,2.96,84.31,0.1,540,900,0.1,White,1,None,1,None,1,None,1,0.4,0.3,炭酸マグネシウム,碳酸镁,碳酸鎂,탄산마그네슘,0.1,0,0,1,1,0
Sodium sulfate,Solid,S,yes,Sodium sulfate,Sodium sulfate,Sodium sulfate,2.664,2.664,2.664,142.04,28,884,1429,0.1,White,1,None,1,None,1,None,1,0.4,0.3,硫酸ナトリウム,硫酸钠,硫酸鈉,황산나트륨,28,0,0,1,0,0
Sodium thiosulfate,Solid,S,yes,Sodium thiosulfate,Sodium thiosulfate,Sodium thiosulfate,1.667,1.667,1.667,158.11,70,48,100,0.1,White,1,None,1,None,1,None,1,0.4,0.3,チオ硫酸ナトリウム,硫代硫酸钠,硫代硫酸鈉,티오황산나트륨,70,0,0,1,0,0
Calcium nitrate,Solid,S,yes,Calcium nitrate,Calcium nitrate,Calcium nitrate,2.504,2.504,2.504,164.09,129,560,561,0.1,White,1,None,1,None,1,None,1,0.4,0.3,硝酸カルシウム,硝酸钙,硝酸鈣,질산칼슘,129,0,0,1,0,0
Sodium phosphate,Solid,S,yes,Sodium phosphate,Sodium phosphate,Sodium phosphate,2.536,2.536,2.536,163.94,8.8,73.4,100,0.1,White,1,None,1,None,1,None,1,0.4,0.3,燐酸ナトリウム,磷酸钠,磷酸鈉,인산나트륨,8.8,0,0,1,0,0
Calcium phosphate,Solid,S,yes,Calcium phosphate,Calcium phosphate,Calcium phosphate,3.14,3.14,3.14,310.18,0.002,1670,1710,0.1,White,1,None,1,None,1,None,1,0.4,0.3,燐酸カルシウム,磷酸钙,磷酸鈣,인산칼슘,0.002,0,0,1,0,0
Sodium chlorate,Solid,S,yes,Sodium chlorate,Sodium chlorate,Sodium chlorate,2.49,2.49,2.49,106.44,100,248,400,0.1,White,1,None,1,None,1,None,1,0.4,0.3,塩素酸ナトリウム,氯酸钠,氯酸鈉,염소산나트륨,100,0,0,1,0,0
Potassium chlorate,Solid,S,yes,Potassium chlorate,Potassium chlorate,Potassium chlorate,2.32,2.32,2.32,122.55,8.6,368,400,0.1,White,1,None,1,None,1,None,1,0.4,0.3,塩素酸カリウム,氯酸钾,氯酸鉀,염소산칼륨,8.6,0,0,1,0,0
Sodium perchlorate,Solid,S,yes,Sodium perchlorate,Sodium perchlorate,Sodium perchlorate,2.02,2.02,2.02,122.44,209,468,482,0.1,White,1,None,1,None,1,None,1,0.4,0.3,過塩素酸ナトリウム,高氯酸钠,高氯酸鈉,과염소산나트륨,209,0,0,1,0,0
Potassium permanganate,Solid,S,yes,Potassium permanganate,Potassium permanganate,Potassium permanganate,2.703,2.703,2.703,158.03,7.6,240,240,0.1,Purple,1,None,1,None,1,None,1,0.4,0.3,過マンガン酸カリウム,高锰酸钾,高錳酸鉀,과망간산칼륨,7.6,0,0,1,0,0
Dichromic acid,Solid,S,yes,Dichromic acid,Dichromic acid,Dichromic acid,2.25,2.25,2.25,117.99,169,196,196,0.1,Orange,1,None,1,None,1,None,1,0.4,0.3,二クロム酸,重铬酸,重鉻酸,이铬산,169,1,1,0,0,0
Hydrogen peroxide,Solid,L,yes,Hydrogen peroxide,Hydrogen peroxide,Hydrogen peroxide,1.45,1.45,1.45,34.01,100,-0.4,150.2,0.1,None,1,None,1,None,1,None,1,0.4,0.3,過酸化水素,过氧化氢,過氧化氫,과산화수소,100,1,1,0,0,0
Sulfur,Solid,S,yes,Sulfur,Sulfur,Sulfur,2.067,2.067,2.067,32.07,0.001,115.2,444.6,0.1,Yellow,1,None,1,None,1,None,1,0.4,0.3,硫黄,硫,硫,황,0.001,0,0,0,0,0
Phosphorus,Solid,S,yes,Phosphorus,Phosphorus,Phosphorus,1.82,1.82,1.82,30.97,0.0003,44.1,280,0.1,White,1,None,1,None,1,None,1,0.4,0.3,燐,磷,磷,인,0.0003,0,0,0,0,0
Arsenic,Solid,S,yes,Arsenic,Arsenic,Arsenic,5.727,5.727,5.727,74.92,0.001,817,614,0.1,Gray,1,None,1,None,1,None,1,0.4,0.3,ヒ素,砷,砷,비소,0.001,0,0,0,0,0
Silicon dioxide,Solid,S,yes,Silicon dioxide,Silicon dioxide,Silicon dioxide,2.65,2.65,2.65,60.08,0.001,1710,2230,0.1,White,1,None,1,None,1,None,1,0.4,0.3,二酸化ケイ素,二氧化硅,二氧化矽,이산화규소,0.001,0,0,0,0,0
Titanium dioxide,Solid,S,yes,Titanium dioxide,Titanium dioxide,Titanium dioxide,4.23,4.23,4.23,79.87,0.001,1855,2900,0.1,White,1,None,1,None,1,None,1,0.4,0.3,二酸化チタン,二氧化钛,二氧化鈦,이산화티타늄,0.001,0,0,0,0,0
Zinc oxide,Solid,S,yes,Zinc oxide,Zinc oxide,Zinc oxide,5.606,5.606,5.606,81.39,0.001,1975,2360,0.1,White,1,None,1,None,1,None,1,0.4,0.3,酸化亜鋅,氧化锌,氧化鋅,산화아연,0.001,0,0,0,0,0
Magnesium oxide,Solid,S,yes,Magnesium oxide,Magnesium oxide,Magnesium oxide,3.58,3.58,3.58,40.3,0.001,2852,3600,0.1,White,1,None,1,None,1,None,1,0.4,0.3,酸化マグネシウム,氧化镁,氧化鎂,산화마그네슘,0.001,0,0,0,0,0
Calcium oxide,Solid,S,yes,Calcium oxide,Calcium oxide,Calcium oxide,3.34,3.34,3.34,56.08,0.001,2614,2850,0.1,White,1,None,1,None,1,None,1,0.4,0.3,酸化カルシウム,氧化钙,氧化鈣,산화칼슘,0.001,0,0,0,0,0
Barium oxide,Solid,S,yes,Barium oxide,Barium oxide,Barium oxide,5.72,5.72,5.72,153.33,3.5,1920,2000,0.1,White,1,None,1,None,1,None,1,0.4,0.3,酸化バリウム,氧化钡,氧化鋇,산화바륨,3.5,0,0,0,0,0
Iron(II) oxide,Solid,S,yes,Iron(II) oxide,Iron(II) oxide,Iron(II) oxide,5.745,5.745,5.745,71.84,0.00001,1370,3414,0.1,Black,1,None,1,None,1,None,1,0.4,0.3,酸化鉄(II),氧化亚铁,氧化亞鐵,산화철(II),0.00001,0,0,0,0,0
Iron(III) oxide,Solid,S,yes,Iron(III) oxide,Iron(III) oxide,Iron(III) oxide,5.24,5.24,5.24,159.69,0.00001,1566,3099,0.1,Red,1,None,1,None,1,None,1,0.4,0.3,酸化鉄(III),氧化铁,氧化鐵,산화철(III),0.00001,0,0,0,0,0
Copper(I) oxide,Solid,S,yes,Copper(I) oxide,Copper(I) oxide,Copper(I) oxide,6.0,6.0,6.0,143.09,0.001,1235,1800,0.1,Red,1,None,1,None,1,None,1,0.4,0.3,酸化銅(I),氧化亚铜,氧化亞銅,산화구리(I),0.001,0,0,0,0,0
Copper(II) oxide,Solid,S,yes,Copper(II) oxide,Copper(II) oxide,Copper(II) oxide,6.31,6.31,6.31,79.55,0.001,1446,2000,0.1,Black,1,None,1,None,1,None,1,0.4,0.3,酸化銅(II),氧化铜,氧化銅,산화구리(II),0.001,0,0,0,0,0
Aluminum oxide,Solid,S,yes,Aluminum oxide,Aluminum oxide,Aluminum oxide,3.97,3.97,3.97,101.96,0.00001,2072,2977,0.1,White,1,None,1,None,1,None,1,0.4,0.3,酸化アルミニウム,氧化铝,氧化鋁,산화알루미늄,0.00001,0,0,0,0,0
Lead(II) oxide,Solid,S,yes,Lead(II) oxide,Lead(II) oxide,Lead(II) oxide,9.53,9.53,9.53,223.2,0.001,886,1470,0.1,Yellow,1,None,1,None,1,None,1,0.4,0.3,酸化鉛(II),氧化铅,氧化鉛,산화납(II),0.001,0,0,0,0,0
Lead(IV) oxide,Solid,S,yes,Lead(IV) oxide,Lead(IV) oxide,Lead(IV) oxide,9.38,9.38,9.38,239.2,0.001,290,290,0.1,Brown,1,None,1,None,1,None,1,0.4,0.3,酸化鉛(IV),氧化铅,氧化鉛,산화납(IV),0.001,0,0,0,0,0
Mercury(II) oxide,Solid,S,yes,Mercury(II) oxide,Mercury(II) oxide,Mercury(II) oxide,11.1,11.1,11.1,216.59,0.001,500,500,0.1,Red,1,None,1,None,1,None,1,0.4,0.3,酸化水銀(II),氧化汞,氧化汞,산화수은(II),0.001,0,0,0,0,0
Silver oxide,Solid,S,yes,Silver oxide,Silver oxide,Silver oxide,7.14,7.14,7.14,231.74,0.001,230,230,0.1,Brown,1,None,1,None,1,None,1,0.4,0.3,酸化銀,氧化银,氧化銀,산화은,0.001,0,0,0,0,0
Nickel oxide,Solid,S,yes,Nickel oxide,Nickel oxide,Nickel oxide,6.67,6.67,6.67,74.69,0.001,1960,3000,0.1,Green,1,None,1,None,1,None,1,0.4,0.3,酸化ニッケル,氧化镍,氧化鎳,산화니켈,0.001,0,0,0,0,0
Cobalt oxide,Solid,S,yes,Cobalt oxide,Cobalt oxide,Cobalt oxide,6.11,6.11,6.11,74.93,0.001,1935,3000,0.1,Black,1,None,1,None,1,None,1,0.4,0.3,酸化コバルト,氧化钴,氧化鈷,산화코발트,0.001,0,0,0,0,0
Chromium(III) oxide,Solid,S,yes,Chromium(III) oxide,Chromium(III) oxide,Chromium(III) oxide,5.21,5.21,5.21,151.99,0.001,2430,3000,0.1,Green,1,None,1,None,1,None,1,0.4,0.3,酸化クロム(III),氧化铬,氧化鉻,산화크롬(III),0.001,0,0,0,0,0
Manganese(II) oxide,Solid,S,yes,Manganese(II) oxide,Manganese(II) oxide,Manganese(II) oxide,5.43,5.43,5.43,70.94,0.001,1850,1900,0.1,Green,1,None,1,None,1,None,1,0.4,0.3,酸化マンガン(II),氧化锰,氧化錳,산화망가니즈(II),0.001,0,0,0,0,0
Glycine,Solid,S,yes,Glycine,Glycine,Glycine,1.607,1.607,1.607,75.07,25,233,290,0.1,White,1,None,1,None,1,None,1,0.4,0.3,グリシン,甘氨酸,甘氨酸,글리신,25,1,1,0,0,0
Alanine,Solid,S,yes,Alanine,Alanine,Alanine,1.432,1.432,1.432,89.09,16.7,297,295,0.1,White,1,None,1,None,1,None,1,0.4,0.3,アラニン,丙氨酸,丙氨酸,알라닌,16.7,1,1,0,0,0
Valine,Solid,S,yes,Valine,Valine,Valine,1.23,1.23,1.23,117.15,8.9,315,295,0.1,White,1,None,1,None,1,None,1,0.4,0.3,バリン,缬氨酸,纈氨酸,발린,8.9,1,1,0,0,0
Leucine,Solid,S,yes,Leucine,Leucine,Leucine,1.165,1.165,1.165,131.17,2.4,295,300,0.1,White,1,None,1,None,1,None,1,0.4,0.3,ロイシン,亮氨酸,亮氨酸,류신,2.4,1,1,0,0,0
Isoleucine,Solid,S,yes,Isoleucine,Isoleucine,Isoleucine,1.231,1.231,1.231,131.17,3.7,280,300,0.1,White,1,None,1,None,1,None,1,0.4,0.3,イソロイシン,异亮氨酸,異亮氨酸,아이소류신,3.7,1,1,0,0,0
Serine,Solid,S,yes,Serine,Serine,Serine,1.603,1.603,1.603,105.09,25,225,290,0.1,White,1,None,1,None,1,None,1,0.4,0.3,セリン,丝氨酸,絲氨酸,세린,25,1,1,0,0,0
Threonine,Solid,S,yes,Threonine,Threonine,Threonine,1.662,1.662,1.662,119.12,20,255,290,0.1,White,1,None,1,None,1,None,1,0.4,0.3,トレオニン,苏氨酸,蘇氨酸,트레오닌,20,1,1,0,0,0
Cysteine,Solid,S,yes,Cysteine,Cysteine,Cysteine,1.484,1.484,1.484,121.16,11.9,240,293,0.1,White,1,None,1,None,1,None,1,0.4,0.3,システィン,半胱氨酸,半胱氨酸,시스테인,11.9,1,1,0,0,0
Methionine,Solid,S,yes,Methionine,Methionine,Methionine,1.34,1.34,1.34,149.21,5.6,281,283,0.1,White,1,None,1,None,1,None,1,0.4,0.3,メチオニン,蛋氨酸,蛋氨酸,메티오닌,5.6,1,1,0,0,0
Phenylalanine,Solid,S,yes,Phenylalanine,Phenylalanine,Phenylalanine,1.29,1.29,1.29,165.19,3,283,350,0.1,White,1,None,1,None,1,None,1,0.4,0.3,フェニルアラニン,苯丙氨酸,苯丙氨酸,페닐알라닌,3,1,1,0,0,0
Tyrosine,Solid,S,yes,Tyrosine,Tyrosine,Tyrosine,1.456,1.456,1.456,181.19,0.35,344,295,0.1,White,1,None,1,None,1,None,1,0.4,0.3,チロシン,酪氨酸,酪氨酸,티로신,0.35,1,1,0,0,0
Tryptophan,Solid,S,yes,Tryptophan,Tryptophan,Tryptophan,1.299,1.299,1.299,204.23,1.1,282,295,0.1,White,1,None,1,None,1,None,1,0.4,0.3,トリプトファン,色氨酸,色氨酸,트립토판,1.1,1,1,0,0,0
Proline,Solid,S,yes,Proline,Proline,Proline,1.35,1.35,1.35,115.13,162,222,310,0.1,White,1,None,1,None,1,None,1,0.4,0.3,プロリン,脯氨酸,脯氨酸,프롤린,162,1,1,0,0,0
Asparagine,Solid,S,yes,Asparagine,Asparagine,Asparagine,1.543,1.543,1.543,132.12,3.6,235,295,0.1,White,1,None,1,None,1,None,1,0.4,0.3,アスパラギン,天冬酰胺,天冬酰胺,아스파라긴,3.6,1,1,0,0,0
Glutamine,Solid,S,yes,Glutamine,Glutamine,Glutamine,1.426,1.426,1.426,146.15,4.2,185,295,0.1,White,1,None,1,None,1,None,1,0.4,0.3,グルタミン,谷氨酰胺,谷氨酰胺,글루타민,4.2,1,1,0,0,0
Aspartic acid,Solid,S,yes,Aspartic acid,Aspartic acid,Aspartic acid,1.66,1.66,1.66,133.1,5,270,280,0.1,White,1,None,1,None,1,None,1,0.4,0.3,アスパラギン酸,天冬氨酸,天冬氨酸,아스파르트산,5,1,1,0,0,0
Glutamic acid,Solid,S,yes,Glutamic acid,Glutamic acid,Glutamic acid,1.535,1.535,1.535,147.13,0.8,200,295,0.1,White,1,None,1,None,1,None,1,0.4,0.3,グルタミン酸,谷氨酸,谷氨酸,글루탐산,0.8,1,1,0,0,0
Lysine,Solid,S,yes,Lysine,Lysine,Lysine,1.495,1.495,1.495,146.19,100,224,295,0.1,White,1,None,1,None,1,None,1,0.4,0.3,リシン,赖氨酸,賴氨酸,리신,100,1,1,0,0,0
Arginine,Solid,S,yes,Arginine,Arginine,Arginine,1.46,1.46,1.46,174.2,15.4,244,350,0.1,White,1,None,1,None,1,None,1,0.4,0.3,アルギニン,精氨酸,精氨酸,아르기닌,15.4,1,1,0,0,0
Histidine,Solid,S,yes,Histidine,Histidine,Histidine,1.423,1.423,1.423,155.16,4.2,287,295,0.1,White,1,None,1,None,1,None,1,0.4,0.3,ヒスチジン,组氨酸,組氨酸,히스티딘,4.2,1,1,0,0,0
Glucose,Solid,S,yes,Glucose,Glucose,Glucose,1.54,1.54,1.54,180.16,91,146,150,0.1,White,1,None,1,None,1,None,1,0.4,0.3,葡萄糖,葡萄糖,葡萄糖,포도당,91,1,1,0,0,0
Fructose,Solid,S,yes,Fructose,Fructose,Fructose,1.6,1.6,1.6,180.16,100,103,375,0.1,White,1,None,1,None,1,None,1,0.4,0.3,果糖,果糖,果糖,과당,100,1,1,0,0,0
Sucrose,Solid,S,yes,Sucrose,Sucrose,Sucrose,1.587,1.587,1.587,342.3,200,186,250,0.1,White,1,None,1,None,1,None,1,0.4,0.3,ショ糖,蔗糖,蔗糖,수크로오스,200,1,1,0,0,0
Maltose,Solid,S,yes,Maltose,Maltose,Maltose,1.54,1.54,1.54,342.3,102,165,300,0.1,White,1,None,1,None,1,None,1,0.4,0.3,麦芽糖,麦芽糖,麥芽糖,말토오스,102,1,1,0,0,0
Lactose,Solid,S,yes,Lactose,Lactose,Lactose,1.525,1.525,1.525,342.3,21.6,222,300,0.1,White,1,None,1,None,1,None,1,0.4,0.3,乳糖,乳糖,乳糖,락토오스,21.6,1,1,0,0,0
Ribose,Solid,S,yes,Ribose,Ribose,Ribose,1.525,1.525,1.525,150.13,100,95,375,0.1,White,1,None,1,None,1,None,1,0.4,0.3,リボース,核糖,核糖,리보스,100,1,1,0,0,0
Deoxyribose,Solid,S,yes,Deoxyribose,Deoxyribose,Deoxyribose,1.525,1.525,1.525,134.13,76,91,375,0.1,White,1,None,1,None,1,None,1,0.4,0.3,デオキシリボース,脱氧核糖,脫氧核糖,디옥시리보스,76,1,1,0,0,0
Cellulose,Solid,S,yes,Cellulose,Cellulose,Cellulose,1.5,1.5,1.5,486.38,0.001,260,260,0.1,White,1,None,1,None,1,None,1,0.4,0.3,セルロース,纤维素,纖維素,셀룰로오스,0.001,0,0,0,0,0
Starch,Solid,S,yes,Starch,Starch,Starch,1.5,1.5,1.5,486.38,0.001,300,300,0.1,White,1,None,1,None,1,None,1,0.4,0.3,デンプン,淀粉,澱粉,전분,0.001,0,0,0,0,0
Urea,Solid,S,yes,Urea,Urea,Urea,1.335,1.335,1.335,60.06,100,133,295,0.1,White,1,None,1,None,1,None,1,0.4,0.3,尿素,尿素,尿素,요소,100,1,1,0,0,0
Creatine,Solid,S,yes,Creatine,Creatine,Creatine,1.35,1.35,1.35,131.13,13.4,295,295,0.1,White,1,None,1,None,1,None,1,0.4,0.3,クレアチン,肌酸,肌酸,크레아틴,13.4,1,1,0,0,0
Creatinine,Solid,S,yes,Creatinine,Creatinine,Creatinine,1.09,1.09,1.09,113.12,10.3,295,295,0.1,White,1,None,1,None,1,None,1,0.4,0.3,クレアチ닌,肌酸酐,肌酸酐,크레아티닌,10.3,1,1,0,0,0
Citric acid,Solid,S,yes,Citric acid,Citric acid,Citric acid,1.665,1.665,1.665,192.12,73,153,175,0.1,White,1,None,1,None,1,None,1,0.4,0.3,クエン酸,柠檬酸,檸檬酸,시트르산,73,1,1,0,0,0
Tartaric acid,Solid,S,yes,Tartaric acid,Tartaric acid,Tartaric acid,1.76,1.76,1.76,150.09,139,170,165,0.1,White,1,None,1,None,1,None,1,0.4,0.3,酒石酸,酒石酸,酒石酸,타르타르산,139,1,1,0,0,0
Malic acid,Solid,S,yes,Malic acid,Malic acid,Malic acid,1.609,1.609,1.609,134.09,55,130,140,0.1,White,1,None,1,None,1,None,1,0.4,0.3,林檎酸,苹果酸,蘋果酸,말산,55,1,1,0,0,0
Lactic acid,Solid,S,yes,Lactic acid,Lactic acid,Lactic acid,1.206,1.206,1.206,90.08,100,18,122,0.1,Yellow,1,None,1,None,1,None,1,0.4,0.3,乳酸,乳酸,乳酸,락트산,100,1,1,0,0,0
Benzoic acid,Solid,S,yes,Benzoic acid,Benzoic acid,Benzoic acid,1.266,1.266,1.266,122.12,0.29,122.4,249,0.1,White,1,None,1,None,1,None,1,0.4,0.3,安息香酸,苯甲酸,苯甲酸,安息香산,0.29,1,1,0,0,0
Salicylic acid,Solid,S,yes,Salicylic acid,Salicylic acid,Salicylic acid,1.443,1.443,1.443,138.12,0.22,159,211,0.1,White,1,None,1,None,1,None,1,0.4,0.3,サリチル酸,水杨酸,水楊酸,살리실산,0.22,1,1,0,0,0
Nicotinic acid,Solid,S,yes,Nicotinic acid,Nicotinic acid,Nicotinic acid,1.473,1.473,1.473,123.11,1.7,237,295,0.1,White,1,None,1,None,1,None,1,0.4,0.3,ニコチン酸,烟酸,煙酸,니코틴산,1.7,1,1,0,0,0
Uric acid,Solid,S,yes,Uric acid,Uric acid,Uric acid,1.89,1.89,1.89,168.11,0.006,300,300,0.1,White,1,None,1,None,1,None,1,0.4,0.3,尿酸,尿酸,尿酸,요산,0.006,1,1,0,0,0
Caffeine,Solid,S,yes,Caffeine,Caffeine,Caffeine,1.23,1.23,1.23,194.19,2.1,235,178,0.1,White,1,None,1,None,1,None,1,0.4,0.3,カフェイン,咖啡因,咖啡因,카페인,2.1,1,1,0,0,0
Cholesterol,Solid,S,yes,Cholesterol,Cholesterol,Cholesterol,1.067,1.067,1.067,386.65,0.002,148,360,0.1,White,1,None,1,None,1,None,1,0.4,0.3,コレステロ儿,胆固醇,膽固醇,콜레스테롤,0.002,0,0,0,0,0
Sucrose octaacetate,Solid,S,yes,Sucrose octaacetate,Sucrose octaacetate,Sucrose octaacetate,1.27,1.27,1.27,678.6,0.1,88,250,0.1,White,1,None,1,None,1,None,1,0.4,0.3,スクロース octaacetate,蔗糖八醋酸酯,蔗糖八醋酸酯,수크로오스 octaacetate,0.1,0,0,0,0,0
Sodium benzoate,Solid,S,yes,Sodium benzoate,Sodium benzoate,Sodium benzoate,1.497,1.497,1.497,144.11,63,410,450,0.1,White,1,None,1,None,1,None,1,0.4,0.3,安息香酸ナトリウム,苯甲酸钠,苯甲酸鈉,벤조산나트륨,63,0,0,1,1,0
Potassium sorbate,Solid,S,yes,Potassium sorbate,Potassium sorbate,Potassium sorbate,1.363,1.363,1.363,150.22,58,100,270,0.1,White,1,None,1,None,1,None,1,0.4,0.3,ソルビン酸カリウム,山梨酸钾,山梨酸鉀,소르빈산칼륨,58,0,0,1,1,0
Sodium saccharin,Solid,S,yes,Sodium saccharin,Sodium saccharin,Sodium saccharin,1.69,1.69,1.69,205.17,100,440,440,0.1,White,1,None,1,None,1,None,1,0.4,0.3,サッカリンNa,糖精钠,糖精鈉,사카린Na,100,0,0,1,1,0
Aspartame,Solid,S,yes,Aspartame,Aspartame,Aspartame,1.34,1.34,1.34,294.31,1,248,248,0.1,White,1,None,1,None,1,None,1,0.4,0.3,アスパルテーム,阿斯巴甜,阿斯巴甜,아스파르탐,1,1,1,0,0,0
Tartrazine,Solid,S,yes,Tartrazine,Tartrazine,Tartrazine,1.54,1.54,1.54,534.36,20,300,300,0.1,Yellow,1,None,1,None,1,None,1,0.4,0.3,タール染料,柠檬黄,檸檬黃,타르트라진,20,1,1,0,0,0
Methylene blue,Solid,S,yes,Methylene blue,Methylene blue,Methylene blue,1.03,1.03,1.03,373.9,4.3,190,190,0.1,Green,1,None,1,None,1,None,1,0.4,0.3,メチ儿ンブルー,亚甲蓝,亞甲藍,메틸렌 블루,4.3,1,1,0,0,0
Phenolphthalein,Solid,S,yes,Phenolphthalein,Phenolphthalein,Phenolphthalein,1.3,1.3,1.3,318.32,0.001,263,263,0.1,White,1,None,1,None,1,None,1,0.4,0.3,フェノールフタレイン,酚酞,酚酞,페놀프탈레인,0.001,0,0,0,0,0
Litmus,Solid,S,yes,Litmus,Litmus,Litmus,1.5,1.5,1.5,1000,2,200,200,0.1,Blue,1,None,1,None,1,None,1,0.4,0.3,リトマス,石蕊,石蕊,리트머스,2,1,1,0,0,0
Sodium lauryl sulfate,Solid,S,yes,Sodium lauryl sulfate,Sodium lauryl sulfate,Sodium lauryl sulfate,1.07,1.07,1.07,288.38,15,206,206,0.1,White,1,None,1,None,1,None,1,0.4,0.3,ラゥ儿硫酸Na,十二烷基硫酸钠,十二烷基硫酸鈉,라우릴황산나트륨,15,0,0,1,0,0
Potassium dichromate,Solid,S,yes,Potassium dichromate,Potassium dichromate,Potassium dichromate,2.676,2.676,2.676,294.19,12,398,500,0.1,Orange,1,None,1,None,1,None,1,0.4,0.3,二クロム酸カリウム,重铬酸钾,重鉻酸鉀,이铬산칼륨,12,0,0,1,0,0
Potassium chromate,Solid,S,yes,Potassium chromate,Potassium chromate,Potassium chromate,2.732,2.732,2.732,194.19,63,975,1000,0.1,Yellow,1,None,1,None,1,None,1,0.4,0.3,クロム酸カリウム,铬酸钾,鉻酸鉀,크롬산칼륨,63,0,0,1,0,0
Ammonium dichromate,Solid,S,yes,Ammonium dichromate,Ammonium dichromate,Ammonium dichromate,2.15,2.15,2.15,252.07,30.8,180,180,0.1,Orange,1,None,1,None,1,None,1,0.4,0.3,二クロム酸アンomia,重铬酸铵,重鉻酸銨,이铬산암모늄,30.8,0,0,1,0,0
Sodium chromate,Solid,S,yes,Sodium chromate,Sodium chromate,Sodium chromate,2.723,2.723,2.723,161.97,88.5,794,794,0.1,Yellow,1,None,1,None,1,None,1,0.4,0.3,クロム酸ナトリウム,铬酸钠,鉻酸鈉,크롬산나트륨,88.5,0,0,1,0,0
Ferrous sulfate,Solid,S,yes,Ferrous sulfate,Ferrous sulfate,Ferrous sulfate,3.65,3.65,3.65,151.91,26.5,64,300,0.1,Green,1,None,1,None,1,None,1,0.4,0.3,硫酸第一鉄,硫酸亚铁,硫酸亞鐵,황산철(II),26.5,0,0,1,0,0
Ferric sulfate,Solid,S,yes,Ferric sulfate,Ferric sulfate,Ferric sulfate,3.097,3.097,3.097,399.87,44,480,480,0.1,Yellow,1,None,1,None,1,None,1,0.4,0.3,硫酸第二鉄,硫酸铁,硫酸鐵,황산철(III),44,0,0,1,0,0
Copper sulfate,Solid,S,yes,Copper sulfate,Copper sulfate,Copper sulfate,3.6,3.6,3.6,249.69,22,110,150,0.1,Blue,1,None,1,None,1,None,1,0.4,0.3,硫酸銅,硫酸铜,硫酸銅,황산구리,22,0,0,1,0,0
Zinc sulfate,Solid,S,yes,Zinc sulfate,Zinc sulfate,Zinc sulfate,3.54,3.54,3.54,161.47,57.7,680,740,0.1,White,1,None,1,None,1,None,1,0.4,0.3,硫酸亜鉛,硫酸锌,硫酸鋅,황산아연,57.7,0,0,1,0,0
Magnesium sulfate,Solid,S,yes,Magnesium sulfate,Magnesium sulfate,Magnesium sulfate,2.66,2.66,2.66,120.37,35.1,1124,1400,0.1,White,1,None,1,None,1,None,1,0.4,0.3,硫酸マグネシウム,硫酸镁,硫酸鎂,황산마그네슘,35.1,0,0,1,0,0
Barium sulfate,Solid,S,yes,Barium sulfate,Barium sulfate,Barium sulfate,4.5,4.5,4.5,233.39,0.0002,1580,1600,0.1,White,1,None,1,None,1,None,1,0.4,0.3,硫酸バリウム,硫酸钡,硫酸鋇,황산바륨,0.0002,0,0,1,0,0
Lead sulfate,Solid,S,yes,Lead sulfate,Lead sulfate,Lead sulfate,6.2,6.2,6.2,303.26,0.004,1170,1170,0.1,White,1,None,1,None,1,None,1,0.4,0.3,硫酸鉛,硫酸铅,硫酸鉛,황산납,0.004,0,0,1,0,0
Aluminum sulfate,Solid,S,yes,Aluminum sulfate,Aluminum sulfate,Aluminum sulfate,2.672,2.672,2.672,342.15,36.4,770,770,0.1,White,1,None,1,None,1,None,1,0.4,0.3,硫酸アルミニウム,硫酸铝,硫酸鋁,황산알루미늄,36.4,0,0,1,0,0
Nickel sulfate,Solid,S,yes,Nickel sulfate,Nickel sulfate,Nickel sulfate,4.01,4.01,4.01,154.76,63.6,100,140,0.1,Green,1,None,1,None,1,None,1,0.4,0.3,硫酸ニッケル,硫酸镍,硫酸鎳,황산니켈,63.6,0,0,1,0,0
Cobalt sulfate,Solid,S,yes,Cobalt sulfate,Cobalt sulfate,Cobalt sulfate,3.71,3.71,3.71,155,37.7,96,420,0.1,Pink,1,None,1,None,1,None,1,0.4,0.3,硫酸コバルト,硫酸钴,硫酸鈷,황산코발트,37.7,0,0,1,0,0
Manganese sulfate,Solid,S,yes,Manganese sulfate,Manganese sulfate,Manganese sulfate,3.24,3.24,3.24,151,52,700,850,0.1,Pink,1,None,1,None,1,None,1,0.4,0.3,硫酸マンガン,硫酸锰,硫酸錳,황산망가니즈,52,0,0,1,0,0
Chromium sulfate,Solid,S,yes,Chromium sulfate,Chromium sulfate,Chromium sulfate,2.79,2.79,2.79,227.99,12,90,90,0.1,Green,1,None,1,None,1,None,1,0.4,0.3,硫酸クロム,硫酸铬,硫酸鉻,황산크롬,12,0,0,1,0,0
Mercury(II) sulfate,Solid,S,yes,Mercury(II) sulfate,Mercury(II) sulfate,Mercury(II) sulfate,6.47,6.47,6.47,296.65,0.6,850,850,0.1,White,1,None,1,None,1,None,1,0.4,0.3,硫酸水銀(II),硫酸汞,硫酸汞,황산수은(II),0.6,0,0,1,0,0
Silver nitrate,Solid,S,yes,Silver nitrate,Silver nitrate,Silver nitrate,4.35,4.35,4.35,169.87,257,212,440,0.1,White,1,None,1,None,1,None,1,0.4,0.3,硝酸銀,硝酸银,硝酸銀,질산은,257,0,0,1,0,0
Gold(III) chloride,Solid,S,yes,Gold(III) chloride,Gold(III) chloride,Gold(III) chloride,4.7,4.7,4.7,303.33,68,254,265,0.1,Red,1,None,1,None,1,None,1,0.4,0.3,塩化金(III),氯化金,氯化金,염화금(III),68,0,0,1,0,0
Platinum(IV) chloride,Solid,S,yes,Platinum(IV) chloride,Platinum(IV) chloride,Platinum(IV) chloride,4.303,4.303,4.303,336.89,58.7,370,370,0.1,Brown,1,None,1,None,1,None,1,0.4,0.3,塩化白金(IV),氯化铂,氯化鉑,염화백금(IV),58.7,0,0,1,0,0
Palladium(II) chloride,Solid,S,yes,Palladium(II) chloride,Palladium(II) chloride,Palladium(II) chloride,4,4,4,177.33,0.77,679,679,0.1,Brown,1,None,1,None,1,None,1,0.4,0.3,塩化パラジウム(II),氯化钯,氯化鈀,염화팔라듐(II),0.77,0,0,1,0,0
Sodium tungstate,Solid,S,yes,Sodium tungstate,Sodium tungstate,Sodium tungstate,3.23,3.23,3.23,293.83,73.9,698,698,0.1,White,1,None,1,None,1,None,1,0.4,0.3,タングステン酸ナトリウム,钨酸钠,鎢酸鈉,텅스텐산나트륨,73.9,0,0,1,0,0
Ammonium molibdate,Solid,S,yes,Ammonium molibdate,Ammonium molibdate,Ammonium molibdate,2.276,2.276,2.276,196.03,2.4,100,100,0.1,White,1,None,1,None,1,None,1,0.4,0.3,モリブデン酸アンomia,钼酸铵,鉬酸銨,몰리브데산암모늄,2.4,0,0,1,0,0
Sodium vanadate,Solid,S,yes,Sodium vanadate,Sodium vanadate,Sodium vanadate,3.23,3.23,3.23,183.93,15,630,630,0.1,White,1,None,1,None,1,None,1,0.4,0.3,バナジン酸Na,钒酸钠,釩酸鈉,바나딘산나트륨,15,0,0,1,0,0
Sodium antimonate,Solid,S,yes,Sodium antimonate,Sodium antimonate,Sodium antimonate,4.1,4.1,4.1,192.78,0.3,1400,1400,0.1,White,1,None,1,None,1,None,1,0.4,0.3,アンチモン酸Na,锑酸钠,銻酸鈉,안티몬산나트륨,0.3,0,0,1,0,0
Potassium titanate,Solid,S,yes,Potassium titanate,Potassium titanate,Potassium titanate,3.1,3.1,3.1,198.06,1.1,1370,1370,0.1,White,1,None,1,None,1,None,1,0.4,0.3,チタン酸K,钛酸钾,鈦酸鉀,타이타닉산칼륨,1.1,0,0,1,0,0
Sodium zirconate,Solid,S,yes,Sodium zirconate,Sodium zirconate,Sodium zirconate,4.8,4.8,4.8,193.24,0.1,1800,1800,0.1,White,1,None,1,None,1,None,1,0.4,0.3,ジルコン酸Na,锆酸钠,鋯酸鈉,지르콘산나트륨,0.1,0,0,1,0,0
Sodium tantalate,Solid,S,yes,Sodium tantalate,Sodium tantalate,Sodium tantalate,7.1,7.1,7.1,329.92,0.01,1300,1300,0.1,White,1,None,1,None,1,None,1,0.4,0.3,タンタル酸Na,钽酸钠,鉭酸鈉,탄탈산나트륨,0.01,0,0,1,0,0
Lithium carbonate,Solid,S,yes,Lithium carbonate,Lithium carbonate,Lithium carbonate,2.11,2.11,2.11,73.89,1.3,720,1310,0.1,White,1,None,1,None,1,None,1,0.4,0.3,炭酸Li,碳酸锂,碳酸鋰,탄산리튬,1.3,0,0,1,1,0
Lithium hydroxide,Solid,S,yes,Lithium hydroxide,Lithium hydroxide,Lithium hydroxide,1.43,1.43,1.43,23.95,12.9,462,925,0.1,White,1,None,1,None,1,None,1,0.4,0.3,水酸化Li,氢氧化锂,氫氧化鋰,수산화리튬,12.9,0,0,1,1,0
Lithium chloride,Solid,S,yes,Lithium chloride,Lithium chloride,Lithium chloride,2.07,2.07,2.07,42.39,83.2,605,1382,0.1,White,1,None,1,None,1,None,1,0.4,0.3,塩化Li,氯化锂,氯化鋰,염화리튬,83.2,0,0,1,0,0
Lithium bromide,Solid,S,yes,Lithium bromide,Lithium bromide,Lithium bromide,3.46,3.46,3.46,86.84,166,547,1265,0.1,White,1,None,1,None,1,None,1,0.4,0.3,臭化Li,溴化锂,溴化鋰,브롬화리튬,166,0,0,1,0,0
Lithium iodide,Solid,S,yes,Lithium iodide,Lithium iodide,Lithium iodide,4.06,4.06,4.06,133.85,165,449,1171,0.1,White,1,None,1,None,1,None,1,0.4,0.3,よう化Li,碘化锂,碘化鋰,요오드화리튬,165,0,0,1,0,0
Lithium sulfate,Solid,S,yes,Lithium sulfate,Lithium sulfate,Lithium sulfate,2.22,2.22,2.22,109.94,35,859,1377,0.1,White,1,None,1,None,1,None,1,0.4,0.3,硫酸Li,硫酸锂,硫酸鋰,황산리튬,35,0,0,1,0,0
Lithium nitrate,Solid,S,yes,Lithium nitrate,Lithium nitrate,Lithium nitrate,2.38,2.38,2.38,68.95,90,252,600,0.1,White,1,None,1,None,1,None,1,0.4,0.3,硝酸Li,硝酸锂,硝酸鋰,질산리튬,90,0,0,1,0,0
Rubidium hydroxide,Solid,S,yes,Rubidium hydroxide,Rubidium hydroxide,Rubidium hydroxide,3.2,3.2,3.2,102.48,180,385,1325,0.1,White,1,None,1,None,1,None,1,0.4,0.3,水酸化Rb,氢氧化铷,氫氧化銣,수산화루비듐,180,0,0,1,1,0
Cesium hydroxide,Solid,S,yes,Cesium hydroxide,Cesium hydroxide,Cesium hydroxide,3.68,3.68,3.68,149.91,300,272,1550,0.1,White,1,None,1,None,1,None,1,0.4,0.3,水酸化Cs,氢氧化铯,氫氧化銫,수산화세슘,300,0,0,1,1,0
Cesium chloride,Solid,S,yes,Cesium chloride,Cesium chloride,Cesium chloride,3.99,3.99,3.99,168.36,186.5,646,1297,0.1,White,1,None,1,None,1,None,1,0.4,0.3,塩化Cs,氯化铯,氯化銫,염화세슘,186.5,0,0,1,0,0
Strontium chloride,Solid,S,yes,Strontium chloride,Strontium chloride,Strontium chloride,3.05,3.05,3.05,158.53,53.8,875,1250,0.1,White,1,None,1,None,1,None,1,0.4,0.3,塩化Sr,氯化锶,氯化鍶,염화스트론튬,53.8,0,0,1,0,0
Strontium nitrate,Solid,S,yes,Strontium nitrate,Strontium nitrate,Strontium nitrate,2.99,2.99,2.99,211.63,70,570,645,0.1,White,1,None,1,None,1,None,1,0.4,0.3,硝酸Sr,硝酸锶,硝酸鍶,질산스트론튬,70,0,0,1,0,0
Strontium carbonate,Solid,S,yes,Strontium carbonate,Strontium carbonate,Strontium carbonate,3.5,3.5,3.5,147.63,0.001,1494,3000,0.1,White,1,None,1,None,1,None,1,0.4,0.3,炭酸Sr,碳酸锶,碳酸鍶,탄산스트론튬,0.001,0,0,1,1,0
Barium nitrate,Solid,S,yes,Barium nitrate,Barium nitrate,Barium nitrate,3.24,3.24,3.24,261.34,5,592,614,0.1,White,1,None,1,None,1,None,1,0.4,0.3,硝酸Ba,硝酸钡,硝酸鋇,질산바륨,5,0,0,1,0,0
Barium carbonate,Solid,S,yes,Barium carbonate,Barium carbonate,Barium carbonate,4.286,4.286,4.286,197.34,0.001,811,1360,0.1,White,1,None,1,None,1,None,1,0.4,0.3,炭酸Ba,碳酸钡,碳酸鋇,탄산바륨,0.001,0,0,1,1,0
Cadmium chloride,Solid,S,yes,Cadmium chloride,Cadmium chloride,Cadmium chloride,4.05,4.05,4.05,183.32,135,568,960,0.1,White,1,None,1,None,1,None,1,0.4,0.3,塩化Cd,氯化镉,氯化鎘,염화카드뮴,135,0,0,1,0,0
Cadmium nitrate,Solid,S,yes,Cadmium nitrate,Cadmium nitrate,Cadmium nitrate,3.6,3.6,3.6,236.42,150,100,132,0.1,White,1,None,1,None,1,None,1,0.4,0.3,硝酸Cd,硝酸镉,硝酸鎘,질산카드뮴,150,0,0,1,0,0
Cadmium sulfate,Solid,S,yes,Cadmium sulfate,Cadmium sulfate,Cadmium sulfate,4.69,4.69,4.69,208.47,76.6,1000,1000,0.1,White,1,None,1,None,1,None,1,0.4,0.3,硫酸Cd,硫酸镉,硫酸鎘,황산카드뮴,76.6,0,0,1,0,0
Mercury(II) chloride,Solid,S,yes,Mercury(II) chloride,Mercury(II) chloride,Mercury(II) chloride,5.44,5.44,5.44,271.52,6.6,277,304,0.1,White,1,None,1,None,1,None,1,0.4,0.3,塩化Hg(II),氯化汞,氯化汞,염화수은(II),6.6,0,0,1,0,0
Mercury(I) chloride,Solid,S,yes,Mercury(I) chloride,Mercury(I) chloride,Mercury(I) chloride,7.16,7.16,7.16,472.09,0.001,525,525,0.1,White,1,None,1,None,1,None,1,0.4,0.3,塩化Hg(I),氯化亚汞,氯化亞汞,염화수은(I),0.001,0,0,1,0,0
Mercury nitrate,Solid,S,yes,Mercury nitrate,Mercury nitrate,Mercury nitrate,4.3,4.3,4.3,324.6,0.3,79,180,0.1,White,1,None,1,None,1,None,1,0.4,0.3,硝酸Hg,硝酸汞,硝酸汞,질산수은,0.3,0,0,1,0,0
Tin(II) chloride,Solid,S,yes,Tin(II) chloride,Tin(II) chloride,Tin(II) chloride,3.95,3.95,3.95,189.6,84,247,623,0.1,White,1,None,1,None,1,None,1,0.4,0.3,塩化Sn(II),氯化亚锡,氯化亞錫,염화주석(II),84,0,0,1,0,0
Tin(IV) chloride,Solid,S,yes,Tin(IV) chloride,Tin(IV) chloride,Tin(IV) chloride,2.23,2.23,2.23,260.5,100,-33,114,0.1,None,1,None,1,None,1,None,1,0.4,0.3,塩化Sn(IV),氯化锡,氯化錫,염화주석(IV),100,1,0,1,0,0
Lead(II) chloride,Solid,S,yes,Lead(II) chloride,Lead(II) chloride,Lead(II) chloride,5.85,5.85,5.85,278.11,1,498,950,0.1,White,1,None,1,None,1,None,1,0.4,0.3,塩化Pb(II),氯化铅,氯化鉛,염화납(II),1,0,0,1,0,0
Lead(IV) chloride,Solid,S,yes,Lead(IV) chloride,Lead(IV) chloride,Lead(IV) chloride,3.18,3.18,3.18,349,0.1,-15,-15,0.1,None,1,None,1,None,1,None,1,0.4,0.3,塩化Pb(IV),氯化铅,氯化鉛,염화납(IV),0.1,1,0,1,0,0
Lead nitrate,Solid,S,yes,Lead nitrate,Lead nitrate,Lead nitrate,4.53,4.53,4.53,331.2,52.5,470,470,0.1,White,1,None,1,None,1,None,1,0.4,0.3,硝酸Pb,硝酸铅,硝酸鉛,질산납,52.5,0,0,1,0,0
Antimony(III) chloride,Solid,S,yes,Antimony(III) chloride,Antimony(III) chloride,Antimony(III) chloride,3.14,3.14,3.14,228.11,90,73.4,220,0.1,White,1,None,1,None,1,None,1,0.4,0.3,塩化Sb(III),氯化锑,氯化銻,염화안티몬(III),90,0,0,1,0,0
Antimony(V) chloride,Solid,S,yes,Antimony(V) chloride,Antimony(V) chloride,Antimony(V) chloride,2.35,2.35,2.35,299,0.1,4,140,0.1,None,1,None,1,None,1,None,1,0.4,0.3,塩化Sb(V),氯化锑,氯化銻,염화안티몬(V),0.1,1,0,1,0,0
Bismuth(III) chloride,Solid,S,yes,Bismuth(III) chloride,Bismuth(III) chloride,Bismuth(III) chloride,4.75,4.75,4.75,315.34,0.1,233.5,447,0.1,White,1,None,1,None,1,None,1,0.4,0.3,塩化Bi(III),氯化铋,氯化鉍,염화비스무트(III),0.1,0,0,1,0,0
Bismuth nitrate,Solid,S,yes,Bismuth nitrate,Bismuth nitrate,Bismuth nitrate,3.1,3.1,3.1,395,0.03,30,80,0.1,White,1,None,1,None,1,None,1,0.4,0.3,硝酸Bi,硝酸铋,硝酸鉍,질산비스무트,0.03,0,0,1,0,0
Arsenic(III) oxide,Solid,S,yes,Arsenic(III) oxide,Arsenic(III) oxide,Arsenic(III) oxide,3.74,3.74,3.74,197.84,3.7,313,460,0.1,White,1,None,1,None,1,None,1,0.4,0.3,三酸化As,三氧化二砷,三氧化二砷,삼산화비소,3.7,0,0,0,0,0
Arsenic(V) oxide,Solid,S,yes,Arsenic(V) oxide,Arsenic(V) oxide,Arsenic(V) oxide,3.89,3.89,3.89,229.84,2.3,315,315,0.1,White,1,None,1,None,1,None,1,0.4,0.3,五酸化As,五氧化二砷,五氧化二砷,오氧化이비소,2.3,0,0,0,0,0
Antimony(III) oxide,Solid,S,yes,Antimony(III) oxide,Antimony(III) oxide,Antimony(III) oxide,5.58,5.58,5.58,291.5,0.001,655,1425,0.1,White,1,None,1,None,1,None,1,0.4,0.3,三酸化Sb,三氧化二锑,三氧化二銻,삼산화안티몬,0.001,0,0,0,0,0
Bismuth(III) oxide,Solid,S,yes,Bismuth(III) oxide,Bismuth(III) oxide,Bismuth(III) oxide,8.9,8.9,8.9,465.96,0.00001,825,1890,0.1,Yellow,1,None,1,None,1,None,1,0.4,0.3,三酸化Bi,三氧化二铋,三氧化二鉍,삼산화비스무트,0.00001,0,0,0,0,0
Phosphorus pentoxide,Solid,S,yes,Phosphorus pentoxide,Phosphorus pentoxide,Phosphorus pentoxide,2.39,2.39,2.39,141.94,0.001,580,605,0.1,White,1,None,1,None,1,None,1,0.4,0.3,五酸化P,五氧化二磷,五氧化二磷,오氧化인,0.001,0,0,0,0,0
Chromium(VI) oxide,Solid,S,yes,Chromium(VI) oxide,Chromium(VI) oxide,Chromium(VI) oxide,2.7,2.7,2.7,99.99,169,198,250,0.1,Red,1,None,1,None,1,None,1,0.4,0.3,三酸化Cr,三氧化铬,三氧化鉻,삼산화크롬,169,0,0,0,0,0
Molybdenum(VI) oxide,Solid,S,yes,Molybdenum(VI) oxide,Molybdenum(VI) oxide,Molybdenum(VI) oxide,4.69,4.69,4.69,143.94,0.14,801,1155,0.1,White,1,None,1,None,1,None,1,0.4,0.3,三酸化Mo,三氧化钼,三氧化鉬,삼산화몰리브데넘,0.14,0,0,0,0,0
Tungsten(VI) oxide,Solid,S,yes,Tungsten(VI) oxide,Tungsten(VI) oxide,Tungsten(VI) oxide,7.16,7.16,7.16,231.84,0.001,1473,1730,0.1,Yellow,1,None,1,None,1,None,1,0.4,0.3,三酸化W,三氧化钨,三氧化鎢,삼산화텅스텐,0.001,0,0,0,0,0
Uranium(VI) oxide,Solid,S,yes,Uranium(VI) oxide,Uranium(VI) oxide,Uranium(VI) oxide,10.96,10.96,10.96,269.03,0.001,2842,2842,0.1,Yellow,1,None,1,None,1,None,1,0.4,0.3,三酸化U,三氧化铀,三氧化鈾,삼산화우라늄,0.001,0,0,0,0,0
Vanadium(V) oxide,Solid,S,yes,Vanadium(V) oxide,Vanadium(V) oxide,Vanadium(V) oxide,3.32,3.32,3.32,181.88,0.001,690,1750,0.1,Orange,1,None,1,None,1,None,1,0.4,0.3,五酸化V,五氧化二钒,五氧化二釩,오氧化바나듐,0.001,0,0,0,0,0
Niobium(V) oxide,Solid,S,yes,Niobium(V) oxide,Niobium(V) oxide,Niobium(V) oxide,4.6,4.6,4.6,265.81,0.001,1512,2200,0.1,White,1,None,1,None,1,None,1,0.4,0.3,五酸化Nb,五氧化二铌,五氧化二鈮,오氧化나이오븀,0.001,0,0,0,0,0
Tantalum(V) oxide,Solid,S,yes,Tantalum(V) oxide,Tantalum(V) oxide,Tantalum(V) oxide,8.2,8.2,8.2,441.89,0.001,1872,2200,0.1,White,1,None,1,None,1,None,1,0.4,0.3,五酸化Ta,五氧化二钽,五氧化二鉭,오氧化탄탈럼,0.001,0,0,0,0,0
Trichlorofluoromethane,Solid,G,yes,Trichlorofluoromethane,Trichlorofluoromethane,Trichlorofluoromethane,1.485,-111,137.37,0.11,-111,23.7,0.1,None,1,None,1,None,1,None,1,0.4,0.3,CCl3F,三氯氟甲烷,三氯氟甲烷,트리클로로플루오로메탄,0.11,1,0,0,0,0
Dichlorodifluoromethane,Solid,G,yes,Dichlorodifluoromethane,Dichlorodifluoromethane,Dichlorodifluoromethane,1.311,-158,120.91,0.028,-158,-29.8,0.1,None,1,None,1,None,1,None,1,0.4,0.3,CCl2F2,二氯二氟甲烷,二氯二氟甲烷,디클로로디플루오로메탄,0.028,1,0,0,0,0
Trichlorotrifluoroethane,Solid,L,yes,Trichlorotrifluoroethane,Trichlorotrifluoroethane,Trichlorotrifluoroethane,1.575,-35,187.38,0.05,-35,48,0.1,None,1,None,1,None,1,None,1,0.4,0.3,C2Cl3F3,三氯三氟乙烷,三氯三氟乙烷,트리클로로트리플루오로에탄,0.05,1,0,0,0,0
Bromotrifluoromethane,Solid,G,yes,Bromotrifluoromethane,Bromotrifluoromethane,Bromotrifluoromethane,1.57,-177,148.91,0.001,-177,-57.8,0.1,None,1,None,1,None,1,None,1,0.4,0.3,CBrF3,溴三氟甲烷,溴三氟甲烷,브로모트리플루오로메탄,0.001,1,0,0,0,0
Chlorodifluoromethane,Solid,G,yes,Chlorodifluoromethane,Chlorodifluoromethane,Chlorodifluoromethane,1.213,-160,86.47,0.3,-160,-40.8,0.1,None,1,None,1,None,1,None,1,0.4,0.3,CHClF2,氯二氟甲烷,氯二氟甲烷,클로로디플루오로메탄,0.3,1,0,0,0,0
Perchloric acid,Solid,L,yes,Perchloric acid,Perchloric acid,Perchloric acid,1.768,1.768,1.768,100.46,200,-19,203,0.1,None,1,None,1,None,1,None,1,0.4,0.3,HClO4,高氯酸,高氯酸,과염소산,200,1,1,0,0,0
Chloric acid,Solid,L,yes,Chloric acid,Chloric acid,Chloric acid,1.11,1.11,1.11,84.46,100,10,110,0.1,None,1,None,1,None,1,None,1,0.4,0.3,HClO3,氯酸,氯酸,염소산,100,1,1,0,0,0
Hypochlorous acid,Solid,L,yes,Hypochlorous acid,Hypochlorous acid,Hypochlorous acid,1.1,1.1,1.1,52.46,100,-20,100,0.1,None,1,None,1,None,1,None,1,0.4,0.3,HClO,次氯酸,次氯酸,차아염소산,100,1,1,0,0,0
Sulfuric acid,Solid,L,yes,Sulfuric acid,Sulfuric acid,Sulfuric acid,1.84,1.84,1.84,98.08,100,10,337,0.1,None,1,None,1,None,1,None,1,0.4,0.3,H2SO4,硫酸,硫酸,황산,100,1,1,0,0,0
Sulfurous acid,Solid,L,yes,Sulfurous acid,Sulfurous acid,Sulfurous acid,1.03,1.03,1.03,82.08,100,-20,100,0.1,None,1,None,1,None,1,None,1,0.4,0.3,H2SO3,亚硫酸,亞硫酸,아황산,100,1,1,0,0,0
Nitric acid,Solid,L,yes,Nitric acid,Nitric acid,Nitric acid,1.513,1.513,1.513,63.01,100,-42,83,0.1,None,1,None,1,None,1,None,1,0.4,0.3,HNO3,硝酸,硝酸,질산,100,1,1,0,0,0
Nitrous acid,Solid,L,yes,Nitrous acid,Nitrous acid,Nitrous acid,1.0,1.0,1.0,47.01,100,-20,100,0.1,None,1,None,1,None,1,None,1,0.4,0.3,HNO2,亚硝酸,亞硝酸,아질산,100,1,1,0,0,0
Phosphoric acid,Solid,S,yes,Phosphoric acid,Phosphoric acid,Phosphoric acid,1.885,1.885,1.885,98,100,42.4,158,0.1,None,1,None,1,None,1,None,1,0.4,0.3,H3PO4,磷酸,磷酸,인산,100,1,1,0,0,0
Phosphorous acid,Solid,S,yes,Phosphorous acid,Phosphorous acid,Phosphorous acid,1.651,1.651,1.651,82,100,73.6,200,0.1,None,1,None,1,None,1,None,1,0.4,0.3,H3PO3,亚磷酸,亞磷酸,아인산,100,1,1,0,0,0
Carbonic acid,Solid,L,yes,Carbonic acid,Carbonic acid,Carbonic acid,1.0,1.0,1.0,62.03,100,-20,100,0.1,None,1,None,1,None,1,None,1,0.4,0.3,H2CO3,碳酸,碳酸,탄산,100,1,1,0,0,0
Bromic acid,Solid,L,yes,Bromic acid,Bromic acid,Bromic acid,1.5,1.5,1.5,128.91,100,-20,130,0.1,None,1,None,1,None,1,None,1,0.4,0.3,HBrO3,溴酸,溴酸,브롬산,100,1,1,0,0,0
Hydrobromic acid,Solid,L,yes,Hydrobromic acid,Hydrobromic acid,Hydrobromic acid,1.49,1.49,1.49,80.92,193,-11,122,0.1,None,1,None,1,None,1,None,1,0.4,0.3,HBr,氢溴酸,氫溴酸,브롬화수소,193,1,1,0,0,0
Hydroiodic acid,Solid,L,yes,Hydroiodic acid,Hydroiodic acid,Hydroiodic acid,1.7,1.7,1.7,127.91,100,-50,127,0.1,None,1,None,1,None,1,None,1,0.4,0.3,HI,氢碘酸,氫碘酸,요오드화수소,100,1,1,0,0,0
Hydrofluoric acid,Solid,L,yes,Hydrofluoric acid,Hydrofluoric acid,Hydrofluoric acid,1.15,1.15,1.15,20.01,100,-35,19.5,0.1,None,1,None,1,None,1,None,1,0.4,0.3,HF,氢氟酸,氫氟酸,플루오린화수소,100,1,1,0,0,0
Hydrochloric acid,Solid,L,yes,Hydrochloric acid,Hydrochloric acid,Hydrochloric acid,1.18,1.18,1.18,36.46,72,-27,110,0.1,None,1,None,1,None,1,None,1,0.4,0.3,HCl,盐酸,鹽酸,염산,72,1,1,0,0,0
Hydrosulfuric acid,Solid,L,yes,Hydrosulfuric acid,Hydrosulfuric acid,Hydrosulfuric acid,1.36,1.36,1.36,34.08,0.1,-86,-60,0.1,None,1,None,1,None,1,None,1,0.4,0.3,H2S,氢硫酸,氫硫酸,황화수소,0.1,1,0,0,0,0
Phosgene,Solid,G,yes,Phosgene,Phosgene,Phosgene,1.381,-118,99.92,0.5,-118,8,0.1,None,1,None,1,None,1,None,1,0.4,0.3,ホスゲン,光气,光氣,포스젠,0.5,1,0,0,0,0
Carbonyl sulfide,Solid,G,yes,Carbonyl sulfide,Carbonyl sulfide,Carbonyl sulfide,1.028,-138,60.07,0.4,-138,-50,0.1,None,1,None,1,None,1,None,1,0.4,0.3,硫化カルボニル,氧硫化碳,氧硫化碳,카보닐설파이드,0.4,1,0,0,0,0
Thionyl chloride,Solid,L,yes,Thionyl chloride,Thionyl chloride,Thionyl chloride,1.64,1.64,1.64,118.97,0.1,-104,75,0.1,None,1,None,1,None,1,None,1,0.4,0.3,塩化チオニル,亚磺酰氯,亞磺酰氯,티오닐클로리드,0.1,1,0,0,0,0
Sulfuryl chloride,Solid,L,yes,Sulfuryl chloride,Sulfuryl chloride,Sulfuryl chloride,1.68,1.68,1.68,134.97,0.1,-50,69,0.1,None,1,None,1,None,1,None,1,0.4,0.3,塩化スニ儿ル,磺酰氯,磺酰氯,설퍼릴클로리드,0.1,1,0,0,0,0
Sulfur hexafluoride,Solid,G,yes,Sulfur hexafluoride,Sulfur hexafluoride,Sulfur hexafluoride,2.61,-64,146.06,0.001,-64,-64,0.1,None,1,None,1,None,1,None,1,0.4,0.3,六フッ化硫黄,六氟化硫,六氟化硫,헥사플루오린化황,0.001,1,0,0,0,0
Nitrogen trifluoride,Solid,G,yes,Nitrogen trifluoride,Nitrogen trifluoride,Nitrogen trifluoride,3.168,-207,71,0.001,-207,-129,0.1,None,1,None,1,None,1,None,1,0.4,0.3,三フッ化窒素,三氟化氮,三氟化氮,삼플루오린化질소,0.001,1,0,0,0,0
Dinitrogen tetroxide,Solid,L,yes,Dinitrogen tetroxide,Dinitrogen tetroxide,Dinitrogen tetroxide,1.45,-11,92.01,0.1,-11,21,0.1,None,1,None,1,None,1,None,1,0.4,0.3,N2O4,四氧化二氮,四氧化二氮,이질소테트록시드,0.1,1,0,0,0,0
Nitrogen dioxide,Solid,G,yes,Nitrogen dioxide,Nitrogen dioxide,Nitrogen dioxide,1.44,-9,46.01,0.1,-9,21,0.1,Brown,1,None,1,None,1,None,1,0.4,0.3,二酸化窒素,二氧化氮,二氧化氮,이산화질소,0.1,1,0,0,0,0
Nitric oxide,Solid,G,yes,Nitric oxide,Nitric oxide,Nitric oxide,1.27,-164,30.01,0.1,-164,-152,0.1,None,1,None,1,None,1,None,1,0.4,0.3,一酸化窒素,一氧化氮,一氧化氮,일산화질소,0.1,1,0,0,0,0
Nitrous oxide,Solid,G,yes,Nitrous oxide,Nitrous oxide,Nitrous oxide,1.977,-91,44.01,0.1,-91,-88.5,0.1,None,1,None,1,None,1,None,1,0.4,0.3,亜酸化窒素,一氧化二氮,一氧化二氮,아산화질소,0.1,1,0,0,0,0
Silane,Solid,G,yes,Silane,Silane,Silane,1.44,-185,32.12,0.001,-185,-112,0.1,None,1,None,1,None,1,None,1,0.4,0.3,シラン,硅烷,矽烷,실란,0.001,1,0,0,0,0
Disilane,Solid,G,yes,Disilane,Disilane,Disilane,2.86,-133,62.22,0.001,-133,-15,0.1,None,1,None,1,None,1,None,1,0.4,0.3,ジシラン,乙硅烷,乙矽烷,디실란,0.001,1,0,0,0,0
Germane,Solid,G,yes,Germane,Germane,Germane,3.42,-165,76.67,0.001,-165,-84,0.1,None,1,None,1,None,1,None,1,0.4,0.3,ゲルマン,锗烷,鍺烷,저르만,0.001,1,0,0,0,0
Stannane,Solid,G,yes,Stannane,Stannane,Stannane,4.38,-150,122.74,0.001,-150,-52,0.1,None,1,None,1,None,1,None,1,0.4,0.3,スタンナン,锡烷,錫烷,스탄난,0.001,1,0,0,0,0
Plumbane,Solid,G,yes,Plumbane,Plumbane,Plumbane,5.39,-130,207.2,0.001,-130,-13,0.1,None,1,None,1,None,1,None,1,0.4,0.3,プラumbaン,铅烷,鉛烷,플럼반,0.001,1,0,0,0,0
Boron trichloride,Solid,G,yes,Boron trichloride,Boron trichloride,Boron trichloride,1.349,-107,117.17,0.1,-107,12.5,0.1,None,1,None,1,None,1,None,1,0.4,0.3,塩化ホウ素,三氯化硼,三氯化硼,염화붕소,0.1,1,0,0,0,0
Boron trifluoride,Solid,G,yes,Boron trifluoride,Boron trifluoride,Boron trifluoride,2.99,-127,67.8,0.001,-127,-100,0.1,None,1,None,1,None,1,None,1,0.4,0.3,フッ化ホウ素,三氟化硼,三氟化硼,플루오린화붕소,0.001,1,0,0,0,0
Boron tribromide,Solid,L,yes,Boron tribromide,Boron tribromide,Boron tribromide,2.65,46,250.52,0.001,46,91.3,0.1,None,1,None,1,None,1,None,1,0.4,0.3,臭化ホウ素,三溴化硼,三溴化硼,브롬화붕소,0.001,1,0,0,0,0
Aluminum trichloride,Solid,S,yes,Aluminum trichloride,Aluminum trichloride,Aluminum trichloride,2.48,2.48,2.48,133.34,44.9,192.6,180,0.1,White,1,None,1,None,1,None,1,0.4,0.3,塩化Al,氯化铝,氯化鋁,염화알루미늄,44.9,0,0,1,0,0
Aluminum tribromide,Solid,S,yes,Aluminum tribromide,Aluminum tribromide,Aluminum tribromide,3.2,3.2,3.2,266.69,100,98,265,0.1,White,1,None,1,None,1,None,1,0.4,0.3,臭化Al,溴化铝,溴化鋁,브롬화알루미늄,100,0,0,1,0,0
Aluminum trifluoride,Solid,S,yes,Aluminum trifluoride,Aluminum trifluoride,Aluminum trifluoride,3.1,3.1,3.1,83.98,0.5,1291,1500,0.1,White,1,None,1,None,1,None,1,0.4,0.3,フッ化Al,氟化铝,氟化鋁,플루오린화알루미늄,0.5,0,0,1,0,0
Gallium trichloride,Solid,S,yes,Gallium trichloride,Gallium trichloride,Gallium trichloride,2.47,2.47,2.47,176.03,30,77.9,201,0.1,White,1,None,1,None,1,None,1,0.4,0.3,塩化Ga,氯化镓,氯化鎵,염화갈륨,30,0,0,1,0,0
Indium trichloride,Solid,S,yes,Indium trichloride,Indium trichloride,Indium trichloride,3.46,3.46,3.46,221.18,55.8,586,500,0.1,White,1,None,1,None,1,None,1,0.4,0.3,塩化In,氯化铟,氯化銦,염화인듐,55.8,0,0,1,0,0
Thallium(I) chloride,Solid,S,yes,Thallium(I) chloride,Thallium(I) chloride,Thallium(I) chloride,7,7,7,239.84,0.3,430,720,0.1,White,1,None,1,None,1,None,1,0.4,0.3,塩化Tl(I),氯化亚铊,氯化亞鉈,염화탈륨(I),0.3,0,0,1,0,0
Thallium(III) chloride,Solid,S,yes,Thallium(III) chloride,Thallium(III) chloride,Thallium(III) chloride,4.7,4.7,4.7,310.74,1,155,430,0.1,White,1,None,1,None,1,None,1,0.4,0.3,塩化Tl(III),氯化铊,氯化鉈,염화탈륨(III),1,0,0,1,0,0
Silicon tetrachloride,Solid,L,yes,Silicon tetrachloride,Silicon tetrachloride,Silicon tetrachloride,1.48,1.48,1.48,169.9,0.001,-68,57.6,0.1,None,1,None,1,None,1,None,1,0.4,0.3,四塩化ケイ素,四氯化硅,四氯化矽,사염화규소,0.001,1,0,0,0,0
Silicon tetrafluoride,Solid,G,yes,Silicon tetrafluoride,Silicon tetrafluoride,Silicon tetrafluoride,4.67,-90,104.08,0.001,-90,-86,0.1,None,1,None,1,None,1,None,1,0.4,0.3,四フッ化ケイ素,四氟化硅,四氟化矽,사플루오린화규소,0.001,1,0,0,0,0
Germanium tetrachloride,Solid,L,yes,Germanium tetrachloride,Germanium tetrachloride,Germanium tetrachloride,1.88,1.88,1.88,214.42,0.001,-52,86.5,0.1,None,1,None,1,None,1,None,1,0.4,0.3,四塩化ゲルマニウム,四氯化锗,四氯化鍺,사염化저르마늄,0.001,1,0,0,0,0
Titanium tetrachloride,Solid,L,yes,Titanium tetrachloride,Titanium tetrachloride,Titanium tetrachloride,1.73,1.73,1.73,189.68,0.001,-24,136.5,0.1,None,1,None,1,None,1,None,1,0.4,0.3,四塩化チタン,四氯化钛,四氯化鈦,사염化타이타늄,0.001,1,0,0,0,0
Zirconium tetrachloride,Solid,S,yes,Zirconium tetrachloride,Zirconium tetrachloride,Zirconium tetrachloride,2.8,2.8,2.8,233.05,0.1,437,481,0.1,White,1,None,1,None,1,None,1,0.4,0.3,四塩化ジルコニウム,四氯化锆,四氯化鋯,사염化저르코늄,0.1,0,0,1,0,0
Hafnium tetrachloride,Solid,S,yes,Hafnium tetrachloride,Hafnium tetrachloride,Hafnium tetrachloride,4.07,4.07,4.07,233.85,0.1,432,481,0.1,White,1,None,1,None,1,None,1,0.4,0.3,四塩化ハフニウム,四氯化铪,四氯化鉿,사염化하프늄,0.1,0,0,1,0,0
Vanadium tetrachloride,Solid,S,yes,Vanadium tetrachloride,Vanadium tetrachloride,Vanadium tetrachloride,2.77,2.77,2.77,172.76,0.1,-28,164,0.1,Brown,1,None,1,None,1,None,1,0.4,0.3,四塩化バナジウム,四氯化钒,四氯化釩,사염化바나듐,0.1,0,0,1,0,0
Tungsten hexachloride,Solid,S,yes,Tungsten hexachloride,Tungsten hexachloride,Tungsten hexachloride,3.52,3.52,3.52,396.56,0.1,248,347,0.1,Black,1,None,1,None,1,None,1,0.4,0.3,六塩化タングステン,六氯化钨,六氯化鎢,육염化텅스텐,0.1,0,0,1,0,0
Molybdenum pentachloride,Solid,S,yes,Molybdenum pentachloride,Molybdenum pentachloride,Molybdenum pentachloride,2.93,2.93,2.93,273.3,0.1,194,268,0.1,DarkGreen,1,None,1,None,1,None,1,0.4,0.3,五塩化モリブデン,五氯化钼,五氯化鉬,오염化몰리브데넘,0.1,0,0,1,0,0
Uranyl chloride,Solid,S,yes,Uranyl chloride,Uranyl chloride,Uranyl chloride,4.93,4.93,4.93,380.93,20,176,400,0.1,Yellow,1,None,1,None,1,None,1,0.4,0.3,塩化ウラニル,氯化铀酰,氯化鈾酰,염化우라닐,20,0,0,1,0,0
Thionyl tetrafluoride,Solid,G,yes,Thionyl tetrafluoride,Thionyl tetrafluoride,Thionyl tetrafluoride,1.78,-99,108.06,0.1,-99,9,0.1,None,1,None,1,None,1,None,1,0.4,0.3,四フッ化チオシル,四氟化亚磺酰,四氟化亞磺酰氯,티오닐테트라플루오린드,0.1,1,0,0,0,0
Selenium hexafluoride,Solid,G,yes,Selenium hexafluoride,Selenium hexafluoride,Selenium hexafluoride,3.66,-39,192.97,0.001,-39,-46.6,0.1,None,1,None,1,None,1,None,1,0.4,0.3,六フッ化セレン,六氟化硒,六氟化硒,헥사플루오린化셀레늄,0.001,1,0,0,0,0
Tellurium hexafluoride,Solid,G,yes,Tellurium hexafluoride,Tellurium hexafluoride,Tellurium hexafluoride,4.09,-38,241.6,0.001,-38,-38,0.1,None,1,None,1,None,1,None,1,0.4,0.3,六フッ化テルル,六氟化碲,六氟化碲,헥사플루오린化텔루륨,0.001,1,0,0,0,0
Chromyl chloride,Solid,L,yes,Chromyl chloride,Chromyl chloride,Chromyl chloride,1.92,1.92,1.92,154.9,0.1,-96,117,0.1,Red,1,None,1,None,1,None,1,0.4,0.3,塩化クロミル,氯铬酰,氯鉻酰,크로밀클로리드,0.1,1,0,0,0,0
Vanadyl sulfate,Solid,S,yes,Vanadyl sulfate,Vanadyl sulfate,Vanadyl sulfate,3,3,3,163,15,100,300,0.1,Blue,1,None,1,None,1,None,1,0.4,0.3,硫酸バナジル,硫酸氧钒,硫酸氧釩,황산바나딜,15,0,0,1,0,0
Uranyl nitrate,Solid,S,yes,Uranyl nitrate,Uranyl nitrate,Uranyl nitrate,2.81,2.81,2.81,394.04,100,60,118,0.1,Yellow,1,None,1,None,1,None,1,0.4,0.3,硝酸ウラニル,硝酸铀酰,硝酸鈾酰,질산우라닐,100,0,0,1,0,0
Uranyl acetate,Solid,S,yes,Uranyl acetate,Uranyl acetate,Uranyl acetate,2.87,2.87,2.87,388.12,10,110,240,0.1,Yellow,1,None,1,None,1,None,1,0.4,0.3,酶酸ウラニル,乙酸铀酰,乙酸鈾酰,아세테이트우라닐,10,0,0,1,0,0
Sodium uranyl carbonate,Solid,S,yes,Sodium uranyl carbonate,Sodium uranyl carbonate,Sodium uranyl carbonate,3.4,3.4,3.4,434,10,450,450,0.1,Yellow,1,None,1,None,1,None,1,0.4,0.3,炭酸ウラニルNa,碳酸铀酰钠,碳酸鈾酰鈉,탄산우라닐나트륨,10,0,0,1,0,0
Ammonium vanadate,Solid,S,yes,Ammonium vanadate,Ammonium vanadate,Ammonium vanadate,2.4,2.4,2.4,116.98,5,200,210,0.1,White,1,None,1,None,1,None,1,0.4,0.3,バナジン酸アンomia,钒酸铵,釩酸銨,바나딘산암모늄,5,0,0,1,0,0
Sodium metavanadate,Solid,S,yes,Sodium metavanadate,Sodium metavanadate,Sodium metavanadate,2.5,2.5,2.5,121.93,30,630,630,0.1,White,1,None,1,None,1,None,1,0.4,0.3,メタバナジン酸Na,偏钒酸钠,偏釩酸鈉,메타바나딘산나트륨,30,0,0,1,0,0
Potassium metavanadate,Solid,S,yes,Potassium metavanadate,Potassium metavanadate,Potassium metavanadate,2.4,2.4,2.4,138.04,8.3,520,520,0.1,White,1,None,1,None,1,None,1,0.4,0.3,メタバナジン酸K,偏钒酸钾,偏釩酸鉀,메타바나딘산칼륨,8.3,0,0,1,0,0
Ammonium perrhenate,Solid,S,yes,Ammium perrhenate,Ammium perrhenate,Ammium perrhenate,3.97,3.97,3.97,268.24,0.1,270,270,0.1,White,1,None,1,None,1,None,1,0.4,0.3,過レンサん酸アンomia,高铼酸铵,高錸酸銨,과레늄산암모늄,0.1,0,0,1,0,0
Sodium perrhenate,Solid,S,yes,Sodium perrhenate,Sodium perrhenate,Sodium perrhenate,5.39,5.39,5.39,251.19,0.1,300,300,0.1,White,1,None,1,None,1,None,1,0.4,0.3,過レンサん酸Na,高铼酸钠,高錸酸鈉,과레늄산나트륨,0.1,0,0,1,0,0
Potassium perrhenate,Solid,S,yes,Potassium perrhenate,Potassium perrhenate,Potassium perrhenate,4.89,4.89,4.89,289.3,0.1,440,440,0.1,White,1,None,1,None,1,None,1,0.4,0.3,過レンサん酸K,高铼酸钾,高錸酸鉀,과레늄산칼륨,0.1,0,0,1,0,0
Sodium tungstate,Solid,S,yes,Sodium tungstate,Sodium tungstate,Sodium tungstate,3.23,3.23,3.23,293.83,73.9,698,698,0.1,White,1,None,1,None,1,None,1,0.4,0.3,タングステン酸Na,钨酸钠,鎢酸鈉,텅스텐산나트륨,73.9,0,0,1,0,0
Potassium tungstate,Solid,S,yes,Potassium tungstate,Potassium tungstate,Potassium tungstate,3.1,3.1,3.1,326.05,50,922,922,0.1,White,1,None,1,None,1,None,1,0.4,0.3,タングステン酸K,钨酸钾,鎢酸鉀,텅스텐산칼륨,50,0,0,1,0,0
Ammonium tungstate,Solid,S,yes,Ammonium tungstate,Ammonium tungstate,Ammonium tungstate,2.276,2.276,2.276,283.93,2.4,100,100,0.1,White,1,None,1,None,1,None,1,0.4,0.3,タングステン酸アンomia,钨酸铵,鎢酸銨,텅스텐산암모늄,2.4,0,0,1,0,0
Sodium molybdate,Solid,S,yes,Sodium molybdate,Sodium molybdate,Sodium molybdate,3.1,3.1,3.1,205.93,56,687,1155,0.1,White,1,None,1,None,1,None,1,0.4,0.3,モリブデン酸Na,钼酸钠,鉬酸鈉,몰리브데산나트륨,56,0,0,1,0,0
Potassium molybdate,Solid,S,yes,Potassium molybdate,Potassium molybdate,Potassium molybdate,3.0,3.0,3.0,238,63.8,954,1000,0.1,White,1,None,1,None,1,None,1,0.4,0.3,モリブデン酸K,钼酸钾,鉬酸鉀,몰리브데산칼륨,63.8,0,0,1,0,0
Ammonium molybdate,Solid,S,yes,Ammonium molybdate,Ammonium molybdate,Ammonium molybdate,2.276,2.276,2.276,196.03,2.4,100,100,0.1,White,1,None,1,None,1,None,1,0.4,0.3,モリブデン酸アンomia,钼酸铵,鉬酸銨,몰리브데산암모늄,2.4,0,0,1,0,0
Sodium chromate,Solid,S,yes,Sodium chromate,Sodium chromate,Sodium chromate,2.723,2.723,2.723,161.97,88.5,794,794,0.1,Yellow,1,None,1,None,1,None,1,0.4,0.3,クロム酸Na,铬酸钠,鉻酸鈉,크롬산나트륨,88.5,0,0,1,0,0
Potassium chromate,Solid,S,yes,Potassium chromate,Potassium chromate,Potassium chromate,2.732,2.732,2.732,194.19,63,975,1000,0.1,Yellow,1,None,1,None,1,None,1,0.4,0.3,クロム酸K,铬酸钾,鉻酸鉀,크롬산칼륨,63,0,0,1,0,0
Ammonium dichromate,Solid,S,yes,Ammonium dichromate,Ammonium dichromate,Ammonium dichromate,2.15,2.15,2.15,252.07,30.8,180,180,0.1,Orange,1,None,1,None,1,None,1,0.4,0.3,二クロム酸アンomia,重铬酸铵,重鉻酸銨,이크롬산암모늄,30.8,0,0,1,0,0
Sodium permanganate,Solid,S,yes,Sodium permanganate,Sodium permanganate,Sodium permanganate,2.17,2.17,2.17,141.93,90,240,240,0.1,Purple,1,None,1,None,1,None,1,0.4,0.3,過マンガン酸Na,高锰酸钠,高錳酸鈉,과망간산나트륨,90,0,0,1,0,0
Barium permanganate,Solid,S,yes,Barium permanganate,Barium permanganate,Barium permanganate,3.77,3.77,3.77,267.27,0.5,200,200,0.1,Purple,1,None,1,None,1,None,1,0.4,0.3,過マンガン酸Ba,高锰酸钡,高錳酸鋇,과망간산바륨,0.5,0,0,1,0,0
Calcium permanganate,Solid,S,yes,Calcium permanganate,Calcium permanganate,Calcium permanganate,2.4,2.4,2.4,215.98,30,120,120,0.1,Purple,1,None,1,None,1,None,1,0.4,0.3,過マンガン酸Ca,高锰酸钙,高錳酸鈣,과망간산칼슘,30,0,0,1,0,0
Ammonium perchlorate,Solid,S,yes,Ammonium perchlorate,Ammonium perchlorate,Ammonium perchlorate,1.95,1.95,1.95,117.49,21.7,200,230,0.1,White,1,None,1,None,1,None,1,0.4,0.3,過塩素酸アンomia,高氯酸铵,高氯酸銨,과염소산암모늄,21.7,0,0,1,0,0
Sodium chlorite,Solid,S,yes,Sodium chlorite,Sodium chlorite,Sodium chlorite,2.5,2.5,2.5,90.44,37,180,180,0.1,White,1,None,1,None,1,None,1,0.4,0.3,亜塩素酸Na,亚氯酸钠,亞氯酸鈉,아염소산나트륨,37,0,0,1,0,0
Barium chlorite,Solid,S,yes,Barium chlorite,Barium chlorite,Barium chlorite,3.9,3.9,3.9,215.31,3.5,240,240,0.1,White,1,None,1,None,1,None,1,0.4,0.3,亜塩素酸Ba,亚氯酸钡,亞氯酸鋇,아염소산바륨,3.5,0,0,1,0,0
Ammonium chlorate,Solid,S,yes,Ammonium chlorate,Ammonium chlorate,Ammonium chlorate,1.8,1.8,1.8,101.49,22,100,100,0.1,White,1,None,1,None,1,None,1,0.4,0.3,塩素酸アンomia,氯酸铵,氯酸銨,염소산암모늄,22,0,0,1,0,0
Lead(II) nitrate,Solid,S,yes,Lead(II) nitrate,Lead(II) nitrate,Lead(II) nitrate,4.53,4.53,4.53,331.2,52.5,470,470,0.1,White,1,None,1,None,1,None,1,0.4,0.3,硝酸Pb(II),硝酸铅,硝酸鉛,질산납(II),52.5,0,0,1,0,0
Mercury(II) nitrate,Solid,S,yes,Mercury(II) nitrate,Mercury(II) nitrate,Mercury(II) nitrate,4.3,4.3,4.3,324.6,0.3,79,180,0.1,White,1,None,1,None,1,None,1,0.4,0.3,硝酸Hg(II),硝酸汞,硝酸汞,질산수은(II),0.3,0,0,1,0,0
Silver perchlorate,Solid,S,yes,Silver perchlorate,Silver perchlorate,Silver perchlorate,2.2,2.2,2.2,207.32,557,245,486,0.1,White,1,None,1,None,1,None,1,0.4,0.3,過塩素酸Ag,高氯酸银,高氯酸銀,과염소산은,557,0,0,1,0,0
Barium perchlorate,Solid,S,yes,Barium perchlorate,Barium perchlorate,Barium perchlorate,2.93,2.93,2.93,280.23,198,505,505,0.1,White,1,None,1,None,1,None,1,0.4,0.3,過塩素酸Ba,高氯酸钡,高氯酸鋇,과염소산바륨,198,0,0,1,0,0
Calcium perchlorate,Solid,S,yes,Calcium perchlorate,Calcium perchlorate,Calcium perchlorate,2.65,2.65,2.65,238.98,188,270,270,0.1,White,1,None,1,None,1,None,1,0.4,0.3,過塩素酸Ca,高氯酸钙,高氯酸鈣,과염소산칼슘,188,0,0,1,0,0
Magnesium perchlorate,Solid,S,yes,Magnesium perchlorate,Magnesium perchlorate,Magnesium perchlorate,2.6,2.6,2.6,223.21,50,251,251,0.1,White,1,None,1,None,1,None,1,0.4,0.3,過塩素酸Mg,高氯酸镁,高氯酸鎂,과염소산마그네슘,50,0,0,1,0,0
Zinc perchlorate,Solid,S,yes,Zinc perchlorate,Zinc perchlorate,Zinc perchlorate,2.15,2.15,2.15,264.27,200,100,100,0.1,White,1,None,1,None,1,None,1,0.4,0.3,過塩素酸Zn,高氯酸锌,高氯酸鋅,과염소산아연,200,0,0,1,0,0
Aluminum perchlorate,Solid,S,yes,Aluminum perchlorate,Aluminum perchlorate,Aluminum perchlorate,2.2,2.2,2.2,325.93,200,130,130,0.1,White,1,None,1,None,1,None,1,0.4,0.3,過塩素酸Al,高氯酸铝,高氯酸鋁,과염소산알루미늄,200,0,0,1,0,0
Iron(III) perchlorate,Solid,S,yes,Iron(III) perchlorate,Iron(III) perchlorate,Iron(III) perchlorate,2.2,2.2,2.2,354.2,200,100,100,0.1,Yellow,1,None,1,None,1,None,1,0.4,0.3,過塩素酸Fe(III),高氯酸铁,高氯酸鐵,과염소산철(III),200,0,0,1,0,0
