,Chemical,Type,Category,Available,RName,CName,DName,Density1,Density2,Density3,Mm,Sol,Mp,Bp,KH,color1,alpha1,color2,alpha2,color3,alpha3,color4,alpha4,friction,restitution,JPN,CHN,TW,KR,Solk,MOH,KOH,MH,KH,PTN
,,,,,,,,,,MM,Sol,Mp,Bp,K,,,,,,,,,,,,,,,,,,,,,
H3(Fe(OPh)6),Organic,0,0,H3(Fe(OPh)6),H3(Fe(OPh)6),H3(Fe(OPh)6),2,1,0.002,200,1,100,9999,600,0xFFFFFF,1,0xFFFFFF,0.12,0xFFFFFF,0,0x9933CC,0.9,0.5,0.15,酢酸,醋酸,醋酸,아세트산,0,0,0,2,0,1,
CCl4,Organic,0,0,Carbon tetrachloride,CCl4,CCl4,1.58,1,0.001,153.81,0.081,-22.92,76.72,866,0xFFFFFF,1,0xFFFFFF,0.15,0xFFFFFF,0,0xFFFFFF,0,0,0,0,0,0,0,0,0,0,0,0,0,
Ag2C2,Solid,0,2,Silver acetylide,Ag2C2,Ag2C2,4.00,2,0.001,239.8,0,120,99999,500,0x999999,1,0xFFFFFF,0.9,0xFFFFFF,0,0xFFFFFF,0,0.5,0.15,硫化銀,硫化银,硫化銀,황화은,0,0,0,0,0,2,
C2H2,Organic,Alkynes,2,Acetylene,C2H2,C2H2,1,1,0.001097,26.04,0,-80.8,-84.0,700,0xFFFFFF,1,0xFFFFFF,0.9,0xFFFFFF,0,0xFFFFFF,0,0.5,0.15,アセチレン,乙炔,乙炔,아세틸렌,0,0,2,0,0,1,
C2H2Br2,Organic,0,2,Acetylene dibromide,C2H2Br2,C2H2Br2,2.3,1,0.001,185.85,0,-80.8,110,700,0xFFFFFF,1,0xFFFFFF,0.2,0xFFFFFF,0,0xFFFFFF,0,0.5,0.15,アセチレン,乙炔,乙炔,아세틸렌,0,0,2,0,0,1,
C3H4,Organic,0,2,Propyne,C3H4,C3H4,1.0,1.1,0.530,40.07,0,-102.7,-23.2,700,0xFFFFFF,1,0xFFFFFF,0.2,0xFFFFFF,0,0xFFFFFF,0,0.5,0.15,アセチレン,乙炔,乙炔,아세틸렌,0,0,2,0,0,1,
C4H6,Organic,0,2,Butyne,C4H6,C4H6,1.0,1.2,0.680,54.09,0,-125.7,8.08,700,0xFFFFFF,1,0xFFFFFF,0.2,0xFFFFFF,0,0xFFFFFF,0,0.5,0.15,アセチレン,乙炔,乙炔,아세틸렌,0,0,2,0,0,1,
C2H4,Organic,Alkenes,2,Ethylene,C2H4,C2H4,1,1,0.001178,28.05,3.5,-169.2,-103.7,7821,0xFFFFFF,1,0xFFFFFF,0.15,0xFFFFFF,0,0xFFFFFF,0,0,0,0,0,0,0,0,0,0,0,0,0,
C2H4Br2,Organic,0,2,Ethylene dibromide,C2H4Br2,C2H4Br2,1,2.18,0.001,187.86,0.4,10.2,133,718,0xFFFFFF,1,0xFFFFFF,0.15,0xFFFFFF,0,0xFFFFFF,0,0,0,0,0,0,0,0,0,0,0,0,0,
C2H4Cl2,Organic,0,2,Ethylene dichloride,C2H4Cl2,C2H4Cl2,1,1.25,0.001,98.95,0.9,-35.0,84,718,0xFFFFFF,1,0xFFFFFF,0.15,0xFFFFFF,0,0xFFFFFF,0,0,0,0,0,0,0,0,0,0,0,0,0,
C2H5OSO3H,Organic,0,2,Alkyl hydrogensulphates,C2H5OSO3H,C2H5OSO3H,1,1.36,0.001,126.13,1.0,99.0,280,718,0xFFFFFF,1,0xFFFFFF,0.15,0xFFFFFF,0,0xFFFFFF,0,0,0,0,0,0,0,0,0,0,0,0,0,
C3H6,Organic,0,2,Propene,C3H6,C3H6,1,1,0.001810,42.08,0.00061,-185.2,-47.6,700,0xFFFFFF,1,0xFFFFFF,0.9,0xFFFFFF,0,0xFFFFFF,0,0.5,0.15,アセチレン,乙炔,乙炔,아세틸렌,0,0,2,0,0,1,
C4H8,Organic,0,2,Butene,C4H8,C4H8,1,1,0.620000,56.11,0.62,-185.3,-6.47,700,0xFFFFFF,1,0xFFFFFF,0.9,0xFFFFFF,0,0xFFFFFF,0,0.5,0.15,アセチレン,乙炔,乙炔,아세틸렌,0,0,2,0,0,1,
CH4,Organic,Alkanes,2,Methane,CH4,CH4,0.656,0.656,0.000656,16.04,22.7,-182.5,-161.5,2099,0xFFFFFF,1,0xFFFFFF,0.15,0xFFFFFF,0,0xFFFFFF,0,0.5,0.15,水,水,水,물,0,0,0,0,0,3,
CH3Cl,Organic,0,2,Chloromethane,CH3Cl,CH3Cl,0.4,0.2,0.00013,50.49,0.005,-97.4,-23.8,1000,0xFFFFFF,1,0xFFFFFF,0.15,0xFFFFFF,0,0xFFFFFF,0,0.5,0.15,水,水,水,물,0,0,0,0,0,3,
C2H6,Organic,0,2,Ethane,C2H6,C2H6,1,1,0.5446,30.07,56.8,-182.8,-88.5,1745,0xFFFFFF,1,0xFFFFFF,0.15,0xFFFFFF,0,0xFFFFFF,0,0,0,0,0,0,0,0,0,0,0,0,0,
C2H5Cl,Organic,0,2,Chloroethane,C2H5Cl,C2H5Cl,1,1,0.00898,64.51,0.547,-138.7,12.27,1625,0xFFFFFF,1,0xFFFFFF,0.15,0xFFFFFF,0,0xFFFFFF,0,0,0,0,0,0,0,0,0,0,0,0,0,
C2H5Br,Organic,0,2,Bromoethane,C2H5Br,C2H5Br,1,1.46,0.00146,108.97,0.914,-120.0,38.00,1625,0xFFFFFF,1,0xFFFFFF,0.15,0xFFFFFF,0,0xFFFFFF,0,0,0,0,0,0,0,0,0,0,0,0,0,
C2H2Br4,Organic,0,2,Tetrabromoethane,C2H2Br4,C2H2Br4,2.697,2.697,0.001,345.56,630,-1,243.6,700,0xFFFFFF,1,0xFFFFFF,0.15,0xFFFFFF,0,0xFFFFFF,0,0.5,0.15,アセチレン,乙炔,乙炔,아세틸렌,0,0,2,0,0,1,
C3H8,Organic,0,2,Propane,C3H8,C3H8,1,1,0.0020,44.10,47.0,-187.7,-42.0,900,0xFFFFFF,1,0xFFFFFF,0.15,0xFFFFFF,0,0xFFFFFF,0,0,0,0,0,0,0,0,0,0,0,0,0,
C3H7Br,Organic,0,2,2-bromopropane,C3H7Br,C3H7Br,1,1.31,0.001,123.00,0.3,-89.0,59,718,0xFFFFFF,1,0xFFFFFF,0.15,0xFFFFFF,0,0xFFFFFF,0,0,0,0,0,0,0,0,0,0,0,0,0,
C3H7Cl,Organic,0,2,2-chloropropane,C3H7Cl,C3H7Cl,1,0.86,0.001,78.54,0.3,-117.2,35.74,718,0xFFFFFF,1,0xFFFFFF,0.15,0xFFFFFF,0,0xFFFFFF,0,0,0,0,0,0,0,0,0,0,0,0,0,
C4H10,Organic,0,2,Butane,C4H10,C4H10,1,1,0.0025,58.12,6.1,-140.0,-1.0,900,0xFFFFFF,1,0xFFFFFF,0.15,0xFFFFFF,0,0xFFFFFF,0,0,0,0,0,0,0,0,0,0,0,0,0,
C4H9Cl,Organic,0,2,2-chlorobutane,C4H9Cl,C4H9Cl,1,0.87,0.001,92.57,0.0,-140.0,70,718,0xFFFFFF,1,0xFFFFFF,0.15,0xFFFFFF,0,0xFFFFFF,0,0,0,0,0,0,0,0,0,0,0,0,0,
C4H9Br,Organic,0,2,2-bromobutane,C4H9Br,C4H9Br,1,1.23,0.001,137.02,0.0,-112.7,91,718,0xFFFFFF,1,0xFFFFFF,0.15,0xFFFFFF,0,0xFFFFFF,0,0,0,0,0,0,0,0,0,0,0,0,0,
C5H12,Organic,0,2,Pentane,C5H12,C5H12,0.626,0.626,0.626,72.15,40,-129.1,36.3,2317,0xFFFFFF,1,0xFFFFFF,0.15,0xFFFFFF,0,0xFFFFFF,0,0,0,0,0,,0,0,0,0,0,0,0,
C5H11Cl,Organic,0,2,Chloropentane,C5H11Cl,C5H11Cl,0.626,0.880,0.626,106.60,0,-99.0,108.0,2317,0xFFFFFF,1,0xFFFFFF,0.15,0xFFFFFF,0,0xFFFFFF,0,0,0,0,0,,0,0,0,0,0,0,0,
HCHO,Organic,Aldehydes,2,Methanal,HCHO,HCHO,1.2,0.4,0.815,30.03,92,-19,-161.5,800,0xFFFFFF,1,0xFFFFFF,0.15,0xFFFFFF,0,0xFFFFFF,0,0.5,0.15,水,水,水,물,0,0,0,0,0,3,
CH3CHO,Organic,0,2,Acetaldehyde,CH3CHO,CH3CHO,1,1,0.784,44.05,0,-123.4,20.2,500,0xFFFFFF,1,0xFFFFFF,0.15,0xFFFFFF,0,0xFFFFFF,0,0,0,0,0,0,0,0,0,0,0,0,0,
C2H5CHO,Organic,0,2,Propionaldehyde,C2H5CHO,C2H5CHO,1,0.81,0.784,58.08,20,-81.0,46.0,600,0xFFFFFF,1,0xFFFFFF,0.15,0xFFFFFF,0,0xFFFFFF,0,0,0,0,0,0,0,0,0,0,0,0,0,
C3H7CHO,Organic,0,2,Butyraldehyde,C3H7CHO,C3H7CHO,1,0.8,0.784,72.11,8,-96.9,74.8,600,0xFFFFFF,1,0xFFFFFF,0.15,0xFFFFFF,0,0xFFFFFF,0,0,0,0,0,0,0,0,0,0,0,0,0,
CH3OH,Organic,Alcohols,2,Methanol,CH3OH,CH3OH,0.792,0.792,0.000132,32.04,999999,-97.6,64.7,1000,0xFFFFFF,1,0xFFFFFF,0.15,0xFFFFFF,0,0xFFFFFF,0,0.5,0.15,水,水,水,물,0,0,0,0,0,3,
C2H5OH,Organic,0,2,Ethanol,C2H5OH,C2H5OH,0.789,0.789,0.789,46.07,99999,-114.3,78.4,600,0xFFFFFF,1,0xFFFFFF,0.15,0xFFFFFF,0,0xFFFFFF,0,0,0,0,0,0,0,0,0,0,0,0,0,
C3H7OH,Organic,0,2,1-propanol,C3H7OH,C3H7OH,0.789,0.803,0.789,60.10,99999,-126.0,97.0,600,0xFFFFFF,1,0xFFFFFF,0.15,0xFFFFFF,0,0xFFFFFF,0,0,0,0,0,0,0,0,0,0,0,0,0,
C2H4OH2,Organic,0,2,Ethylene glycol,C2H4OH2,(CH2OH)2,1.113,0.789,0.789,62.07,99999,-12.9,197.3,1000,0xFFFFFF,1,0xFFFFFF,0.15,0xFFFFFF,0,0xFFFFFF,0,0,0,0,0,0,0,0,0,0,0,0,0,
C2H5ONa,Organic,0,2,Sodium ethoxide ,C2H5ONa,C2H5ONa,0.868,1,0.00898,68.05,0.000,260.0,9999.00,1625,0xF9F3C3,1,0xFFFFFF,0.15,0xFFFFFF,0,0xFFFFFF,0,0,0,0,0,0,0,0,0,0,0,0,0,
C2H5O2Mg,Organic,0,2,Magnesium ethoxide,C2H5O2Mg,(C2H5O)2Mg,1,1,0.00898,114.43,0.000,270.0,9999.00,1000,0xFFFFFF,1,0xFFFFFF,0.15,0xFFFFFF,0,0xFFFFFF,0,0,0,0,0,0,0,0,0,0,0,0,0,
C2H5O3Al,Organic,0,2,Aluminium triethoxide,C2H5O3Al,(C2H5O)3Al,1.142,1,0.00898,162.16,0.000,140.0,320.00,1000,0xFFFFFF,1,0xFFFFFF,0.15,0xFFFFFF,0,0xFFFFFF,0,0,0,0,0,0,0,0,0,0,0,0,0,
CH3COOH,Organic,Carboxylic acid,2,Acetic acid,CH3COOH,CH3COOH,2,1.05,0.001,60.05,999999,16,118,966.04,0xFFFFFF,1,0xFFFFFF,0.12,0xFFFFFF,0,0xFFFFFF,0.06,0.5,0.15,酢酸,醋酸,醋酸,아세트산,10,0,0,2,0,1,
CH3COOCH3,Organic,0,2,Methyl acetate,CH3COOCH3,CH3COOCH3,0.932,0.932,0.001,74.08,25,-98,56.9,982.00,0xFFFFFF,1,0xFFFFFF,0.12,0xFFFFFF,0,0xFFFFFF,0.06,0.5,0.15,酢酸,醋酸,醋酸,아세트산,0,0,0,2,0,1,
CH3COONH4,Organic,0,2,Ammonium acetate,CH3COONH4,CH3COONH4,1.073,0.932,0.001,77.08,140,113,99999,982.00,0xFFFFFF,0.8,0xFFFFFF,0.12,0xFFFFFF,0,0xFFFFFF,0.06,0.5,0.15,酢酸,醋酸,醋酸,아세트산,0,0,0,2,0,1,
CH3COOC2H5,Organic,0,2,Ethyl acetate,CH3COOC2H5,CH3COOC2H5,0.902,0.902,0.001,88.11,8.3,-83.6,77.1,1000.00,0xFFFFFF,1,0xFFFFFF,0.12,0xFFFFFF,0,0xFFFFFF,0.06,0.5,0.15,酢酸,醋酸,醋酸,아세트산,0,0,0,2,0,1,
CH3COO2Cu,Organic,0,2,Copper(II) acetate,CH3COO2Cu,(CH3COO)2Cu,1.882,1.4,0.001,181.63,0,120,240,700.00,0x0A7681,1,0xFFFFFF,0.12,0xFFFFFF,0,0xFFFFFF,0.06,0.5,0.15,酢酸,醋酸,醋酸,아세트산,0,0,0,2,0,1,
CH3COO2Mg,Organic,0,2,Magnesium acetate,CH3COO2Mg,(CH3COO)2Mg,1.45,1.4,0.001,142.40,999999,80,9999,700.00,0xFFFFFF,0.6,0xFFFFFF,0.12,0xFFFFFF,0,0xFFFFFF,0.06,0.5,0.15,酢酸,醋酸,醋酸,아세트산,0,0,0,2,0,1,
CH3COO2Ca,Organic,0,2,Calcium acetate,CH3COO2Ca,(CH3COO)2Ca,1.509,1.4,0.001,158.17,34.7,160,9999,700.00,0xFFFFFF,0.6,0xFFFFFF,0.12,0xFFFFFF,0,0xFFFFFF,0.06,0.5,0.15,酢酸,醋酸,醋酸,아세트산,0,0,0,2,0,1,
CH3COO2Zn,Organic,0,2,Zinc acetate,CH3COO2Zn,(CH3COO)2Zn,1.735,1.4,0.001,183.48,0,237,9999,700.00,0xFFFFFF,0.6,0xFFFFFF,0.12,0xFFFFFF,0,0xFFFFFF,0.06,0.5,0.15,酢酸,醋酸,醋酸,아세트산,0,0,0,2,0,1,
CH3COO2Fe,Organic,0,2,Iron(II) acetate,CH3COO2Fe,(CH3COO)2Fe,1.734,1.4,0.001,173.93,999999,190,9999,700.00,0xFFFFFF,0.8,0xFFFFFF,0.12,0xFFFFFF,0,0xFFFFFF,0.06,0.5,0.15,酢酸,醋酸,醋酸,아세트산,0,0,0,2,0,1,
CH3COONa,Organic,0,2,Sodium acetate,CH3COONa,CH3COONa,1.528,1.4,0.001,82.03,125,324,881.4,700.00,0xFFFFFF,0.8,0xFFFFFF,0.12,0xFFFFFF,0,0xFFFFFF,0.06,0.5,0.15,酢酸,醋酸,醋酸,아세트산,0,0,0,2,0,1,
C6H6,Organic,Cyclic compounds,2,Benzene,C6H6,C6H6,0.876,0.876,0.876,78.11,0.2,5.53,80.1,1717,0xFFFFFF,1,0xFFFFFF,0.15,0xFFFFFF,0,0xFFFFFF,0,0,0,0,0,0,0,0,0,0,0,0,0,
C6H5Br,Organic,0,2,Bromobenzene,C6H5Br,C6H5Br,1.495,1.495,1.495,157.01,0.041,-30.8,156,2000,0xFFFFFF,1,0xFFFFFF,0.15,0xFFFFFF,0,0xFFFFFF,0,0,0,0,0,0,0,0,0,0,0,0,0,
C6H5Cl,Organic,0,2,Chlorobenzene,C6H5Cl,C6H5Cl,1.495,1.110,1.495,112.56,0.050,-45.0,131,900,0xFFFFFF,1,0xFFFFFF,0.15,0xFFFFFF,0,0xFFFFFF,0,0,0,0,0,0,0,0,0,0,0,0,0,
C6H6O3S,Organic,0,2,Benzenesulfonic acid,C6H6O3S,C6H6O3S,1.32,1.32,1.32,158.17,99999,51,190,2000,0xFFFFFF,0.5,0xe4c970,0.45,0xFFFFFF,0,0xe4c970,0,0,0,0,0,0,0,0,0,0,0,0,0,
C6H5OH,Organic,0,2,Phenol,C6H5OH,C6H5OH,1.07,1.12,0.001,94.11,8.3,40.5,181.7,1000,0xFFFFFF,0.5,0xFFFFFF,0.15,0xFFFFFF,0,0xFFFFFF,0.15,0,0,0,0,0,0,0,0,0,0,0,0,
C6H5ONa,Organic,0,2,Sodium phenoxide,C6H5ONa,C6H5ONa,1.07,1.12,0.001,116.09,99999,1000,2000,1000,0xFFFFFF,1,0xFFFFFF,0.15,0xFFFFFF,0,0xFFFFFF,0.15,0,0,0,0,0,0,0,0,0,0,0,0,
C6H5NO2,Organic,0,2,Nitrobenzene,C6H5NO2,C6H5NO2,1,1.12,0.001,123.06,0.19,5.7,210.9,1000,0xFFFFFF,1,0xFFFFFF,0.45,0xFFFFFF,0,0xFFFFFF,0.15,0,0,0,0,0,0,0,0,0,0,0,0,
C6H3Br3O,Organic,0,2,Tribromophenol,C6H3Br3O,C6H3Br3O,1,1.12,0.001,330.8,0.1,95.5,244,1000,0xFFFFFF,0.4,0xFFFFFF,0.45,0xFFFFFF,0,0xFFFFFF,0.15,0,0,0,0,0,0,0,0,0,0,0,0,
C6H3N3O7,Organic,0,2,Trinitrophenol,C6H3N3O7,C6H3N3O7,1.736,1.12,0.001,229.1,1.27,122.5,300,1000,0xFFFFCC,1,0xFFFFFF,0.45,0xFFFFFF,0,0xFFFFFF,0.15,0,0,0,0,0,0,0,0,0,0,0,0,
C6H12,Organic,0,2,Cyclohexane,C6H12,C6H12,0.778,0.778,0.001,84.16,0,6.47,80.7,1717,0xFFFFFF,1,0xFFFFFF,0.15,0xFFFFFF,0,0xFFFFFF,0,0,0,0,0,0,0,0,0,0,0,0,0,
C7H8,Organic,0,2,Toluene,C7H8,C7H8,0.87,0.87,0.001,92.14,0,-95,111,500,0xFFFFFF,1,0xFFFFFF,0.15,0xFFFFFF,0,0xFFFFFF,0.15,0,0,0,0,0,0,0,0,0,0,0,0,
C7H5N3O6,Organic,0,2,Trinitrotoluene,C7H5N3O6,C7H5N3O6,1.654,1.2,0.003,227.13,0.01,80.4,240,450,0xDBCCB0,1,0xDBCCB0,0.8,0xFFFFFF,0,0xFFFFFF,0.15,0,0,0,0,0,0,0,0,0,0,0,0,
C6H12O6,Organic,Carbohydrate,2,C6H12O6,C6H12O6,Glucose,1.540,0.778,0.001,180.16,9090,146.00,99999.0,402,0xFFFFFF,1,0xFFFFFF,0.15,0xFFFFFF,0,0xFFFFFF,0,0,0,0,0,0,0,0,0,0,0,0,0,
C6H12O7,Organic,0,2,Glucose acid,C6H12O6,C6H12O7,1.533,0.778,0.001,196.16,100,100.00,99999.0,800,0xFFFFFF,0.8,0xFFFFFF,0.15,0xFFFFFF,0,0xFFFFFF,0,0,0,0,0,0,0,0,0,0,0,0,0,
C6H15NO7,Organic,0,2,Ammonium gluconate,C6H15NO7,C6H15NO7,1.200,0.778,0.001,213.19,40,100.00,99999.0,800,0xFFFFFF,0.9,0xFFFFFF,0.15,0xFFFFFF,0,0xFFFFFF,0,0,0,0,0,0,0,0,0,0,0,0,0,
C12H22O11,Organic,0,2,C12H22O11,C12H22O11,Sucrose,1.587,1,0.001,342.3,2000,186,1000,444,0xFFFFFF,1,0xFFFFFF,0.9,0xFFFFFF,0,0xFFFFFF,0,0.5,0.15,スクロース,蔗糖,蔗糖,자당,0,0,0,0,0,1C2H5OH,Organic
CH3OH,Organic,Alcohols,2,Methanol,CH3OH,CH3OH,0.79,1,0.001,32.04,100,-64.7,64.7,700,0xFFFFFF,1,0xFFFFFF,0.3,0xFFFFFF,0,0xFFFFFF,0,0.5,0.15,メタノール,甲醇,甲醇,메탄올,0,0,0,0,0,3,
C3H7OH,Organic,Alcohols,2,Propanol,C3H7OH,C3H7OH,0.8,1,0.001,60.1,100,-127,97,700,0xFFFFFF,1,0xFFFFFF,0.3,0xFFFFFF,0,0xFFFFFF,0,0.5,0.15,プロパノール,丙醇,丙醇,프로판올,0,0,0,0,0,3,
C6H12O6,Organic,Carbohydrates,2,Glucose,C6H12O6,C6H12O6,1.54,1,0.001,180.16,100,146,99999,700,0xFFFFFF,1,0xFFFFFF,0.5,0xFFFFFF,0,0xFFFFFF,0,0.5,0.15,葡萄糖,葡萄糖,葡萄糖,포도당,0,0,0,0,0,3,
C12H22O11,Organic,Carbohydrates,2,Sucrose,C12H22O11,C12H22O11,1.59,1,0.001,342.3,100,186,99999,700,0xFFFFFF,1,0xFFFFFF,0.5,0xFFFFFF,0,0xFFFFFF,0,0.5,0.15,砂糖,蔗糖,蔗糖,설탕,0,0,0,0,0,3,
CH3COOH,Organic,Acids,2,Acetic acid,CH3COOH,CH3COOH,1.05,1,0.001,60.05,100,16.6,118,700,0xFFFFFF,1,0xFFFFFF,0.3,0xFFFFFF,0,0xFFFFFF,0,0.5,0.15,酢酸,乙酸,乙酸,아세트산,0,0,0,0,0,3,
C6H5OH,Organic,Aromatics,2,Phenol,C6H5OH,C6H5OH,1.07,1,0.001,94.11,100,41.5,181,700,0xFFCCCC,1,0xFFCCCC,0.3,0xFFFFFF,0,0xFFFFFF,0,0.5,0.15,フェノール,苯酚,苯酚,페놀,0,0,0,0,0,3,
C6H6,Organic,Aromatics,2,Benzene,C6H6,C6H6,0.88,1,0.001,78.11,0,5.5,80.1,700,0xFFFFFF,1,0xFFFFFF,0.3,0xFFFFFF,0,0xFFFFFF,0,0.5,0.15,ベンゼン,苯,苯,벤젠,0,0,0,0,0,3,
C6H5CH3,Organic,Aromatics,2,Toluene,C6H5CH3,C6H5CH3,0.87,1,0.001,92.14,0,-95,110.6,700,0xFFFFFF,1,0xFFFFFF,0.3,0xFFFFFF,0,0xFFFFFF,0,0.5,0.15,トルエンを,甲苯,甲苯,톨루엔,0,0,0,0,0,3,
C6H4CH3COOH,Organic,Aromatics,2,Toluic acid,C6H4CH3COOH,C6H4CH3COOH,1.06,1,0.001,136.15,100,180,99999,700,0xFFFFFF,1,0xFFFFFF,0.3,0xFFFFFF,0,0xFFFFFF,0,0.5,0.15,トルエンを,甲苯酸,甲苯酸,톨루익애씨드,0,0,0,0,0,3,
C6H5NO2,Organic,Aromatics,2,Nitrobenzene,C6H5NO2,C6H5NO2,1.2,1,0.001,123.11,0,5.85,210.9,700,0xFFFF00,1,0xFFFF00,0.3,0xFFFFFF,0,0xFFFFFF,0,0.5,0.15,ニトロベンゼン,硝基苯,硝基苯,니트로벤젠,0,0,0,0,0,3,
C6H5NH2,Organic,Aromatics,2,Aniline,C6H5NH2,C6H5NH2,1.02,1,0.001,93.13,100,-6.3,184,700,0xFFCCCC,1,0xFFCCCC,0.3,0xFFFFFF,0,0xFFFFFF,0,0.5,0.15,アニリン,苯胺,苯胺,아닐린,0,0,0,0,0,3,
CH3COOC2H5,Organic,Esters,2,Ethyl acetate,CH3COOC2H5,CH3COOC2H5,0.9,1,0.001,88.11,100,-83,77,700,0xFFFFFF,1,0xFFFFFF,0.3,0xFFFFFF,0,0xFFFFFF,0,0.5,0.15,酢酸エチル,乙酸乙酯,乙酸乙酯,아세트에틸,0,0,0,0,0,3,
CH3COOCH3,Organic,Esters,2,Methyl acetate,CH3COOCH3,CH3COOCH3,0.93,1,0.001,74.08,100,-98,57,700,0xFFFFFF,1,0xFFFFFF,0.3,0xFFFFFF,0,0xFFFFFF,0,0.5,0.15,酢酸メチル,乙酸甲酯,乙酸甲酯,아세트메틸,0,0,0,0,0,3,
C2H5OC2H5,Organic,Ethers,2,Diethyl ether,C2H5OC2H5,C2H5OC2H5,0.71,1,0.001,74.12,100,-116.3,34.6,700,0xFFFFFF,1,0xFFFFFF,0.3,0xFFFFFF,0,0xFFFFFF,0,0.5,0.15,ジエチルエーテル,乙醚,乙醚,디에틸에터,0,0,0,0,0,3,
C3H6O,Organic,Ketones,2,Acetone,C3H6O,C3H6O,0.79,1,0.001,58.08,100,-95,56,700,0xFFFFFF,1,0xFFFFFF,0.3,0xFFFFFF,0,0xFFFFFF,0,0.5,0.15,アセトン,丙酮,丙酮,아세톤,0,0,0,0,0,3,
C5H10O,Organic,Ketones,2,Pentanone,C5H10O,C5H10O,0.81,1,0.001,86.13,100,-77,102,700,0xFFFFFF,1,0xFFFFFF,0.3,0xFFFFFF,0,0xFFFFFF,0,0.5,0.15,ペンタノン,戊酮,戊酮,펜타논,0,0,0,0,0,3,
CH3COCH2CH3,Organic,Ketones,2,Butanone,CH3COCH2CH3,CH3COCH2CH3,0.81,1,0.001,72.11,100,-86,79.6,700,0xFFFFFF,1,0xFFFFFF,0.3,0xFFFFFF,0,0xFFFFFF,0,0.5,0.15,ブタンを,丁酮,丁酮,부탄온,0,0,0,0,0,3,
HCOOCH3,Organic,Esters,2,Methyl formate,HCOOCH3,HCOOCH3,0.97,1,0.001,60.05,100,-100,31.7,700,0xFFFFFF,1,0xFFFFFF,0.3,0xFFFFFF,0,0xFFFFFF,0,0.5,0.15,ギ酸メチル,甲酸甲酯,甲酸甲酯,메틸포름,0,0,0,0,0,3,
HCOOC2H5,Organic,Esters,2,Ethyl formate,HCOOC2H5,HCOOC2H5,0.92,1,0.001,74.08,100,-80,54,700,0xFFFFFF,1,0xFFFFFF,0.3,0xFFFFFF,0,0xFFFFFF,0,0.5,0.15,ギ酸エthyl,甲酸乙酯,甲酸乙酯,에틸포름,0,0,0,0,0,3,
C4H8O,Organic,Ketones,2,Butanal,C4H8O,C4H8O,0.8,1,0.001,72.11,0,-96,75,700,0xFFFFFF,1,0xFFFFFF,0.3,0xFFFFFF,0,0xFFFFFF,0,0.5,0.15,ブタナール,丁醛,丁醛,부티알,0,0,0,0,0,3,
C5H10O,Organic,Aldehydes,2,Pentanal,C5H10O,C5H10O,0.81,1,0.001,86.13,0,-92,103,700,0xFFFFFF,1,0xFFFFFF,0.3,0xFFFFFF,0,0xFFFFFF,0,0.5,0.15,ペンタナール,戊醛,戊醛,발레르알데하이드,0,0,0,0,0,3,
C6H12O,Organic,Aldehydes,2,Hexanal,C6H12O,C6H12O,0.83,1,0.001,100.16,0,-56,131,700,0xFFFFFF,1,0xFFFFFF,0.3,0xFFFFFF,0,0xFFFFFF,0,0.5,0.15,ヘキサナール,己醛,己醛,헥산알,0,0,0,0,0,3,
C3H6O2,Organic,Acids,2,Propionic acid,C3H6O2,C3H6O2,0.99,1,0.001,74.08,100,-20,141,700,0xFFFFFF,1,0xFFFFFF,0.3,0xFFFFFF,0,0xFFFFFF,0,0.5,0.15,プロピオン酸,丙酸,丙酸,프로피온산,0,0,0,0,0,3,
C4H8O2,Organic,Acids,2,Butyric acid,C4H8O2,C4H8O2,0.96,1,0.001,88.11,0,-8,163,700,0xFFFFFF,1,0xFFFFFF,0.3,0xFFFFFF,0,0xFFFFFF,0,0.5,0.15,酪酸,丁酸,丁酸,酪산,0,0,0,0,0,3,
C5H10O2,Organic,Acids,2,Valeric acid,C5H10O2,C5H10O2,0.94,1,0.001,102.13,0,-35,227,700,0xFFFFFF,1,0xFFFFFF,0.3,0xFFFFFF,0,0xFFFFFF,0,0.5,0.15,吉草酸,戊酸,戊酸,발레르산,0,0,0,0,0,3,
C6H12O2,Organic,Acids,2,Caproic acid,C6H12O2,C6H12O2,0.93,1,0.001,116.16,0,-3,205,700,0xFFFFFF,1,0xFFFFFF,0.3,0xFFFFFF,0,0xFFFFFF,0,0.5,0.15,カプロン酸,己酸,己酸,카프론산,0,0,0,0,0,3,
C4H9OH,Organic,Alcohols,2,Butanol,C4H9OH,C4H9OH,0.81,1,0.001,74.12,100,-90,117,700,0xFFFFFF,1,0xFFFFFF,0.3,0xFFFFFF,0,0xFFFFFF,0,0.5,0.15,ブタノール,丁醇,丁醇,부탄올,0,0,0,0,0,3,
C5H11OH,Organic,Alcohols,2,Pentanol,C5H11OH,C5H11OH,0.81,1,0.001,88.15,100,-78,138,700,0xFFFFFF,1,0xFFFFFF,0.3,0xFFFFFF,0,0xFFFFFF,0,0.5,0.15,ペンタノール,戊醇,戊醇,펜탄올,0,0,0,0,0,3,
C6H13OH,Organic,Alcohols,2,Hexanol,C6H13OH,C6H13OH,0.82,1,0.001,102.17,100,-52,157,700,0xFFFFFF,1,0xFFFFFF,0.3,0xFFFFFF,0,0xFFFFFF,0,0.5,0.15,ヘキサノール,己醇,己醇,헥산올,0,0,0,0,0,3,
C7H8,Organic,Aromatics,2,Toluene,C7H8,C7H8,0.87,1,0.001,92.14,0,-95,110.6,700,0xFFFFFF,1,0xFFFFFF,0.3,0xFFFFFF,0,0xFFFFFF,0,0.5,0.15,トルエン,甲苯,甲苯,톨루엔,0,0,0,0,0,3,
C8H10,Organic,Aromatics,2,Xylene,C8H10,C8H10,0.86,1,0.001,106.16,0,-47,144,700,0xFFFFFF,1,0xFFFFFF,0.3,0xFFFFFF,0,0xFFFFFF,0,0.5,0.15,キシレン,二甲苯,二甲苯,자일렌,0,0,0,0,0,3,
C10H8,Organic,Aromatics,2,Naphthalene,C10H8,C10H8,1.14,1,0.001,128.17,0,218,218,700,0xFFFFFF,1,0xFFFFFF,0.3,0xFFFFFF,0,0xFFFFFF,0,0.5,0.15,ナフタレン,萘,萘,나프탈렌,0,0,0,0,0,1,
C6H5Cl,Organic,Aromatics,2,Chlorobenzene,C6H5Cl,C6H5Cl,1.11,1,0.001,112.56,0,-45,132,700,0xFFFFFF,1,0xFFFFFF,0.3,0xFFFFFF,0,0xFFFFFF,0,0.5,0.15,塩化ベンゼン,氯苯,氯苯,클로로벤젠,0,0,0,0,0,3,
C6H5OH,Organic,Aromatics,2,Phenol,C6H5OH,C6H5OH,1.07,1,0.001,94.11,100,40.9,181.7,700,0xFFCCCC,1,0xFFCCCC,0.3,0xFFFFFF,0,0xFFFFFF,0,0.5,0.15,フェノール,苯酚,苯酚,페놀,0,0,0,0,0,3,
C6H5COOH,Organic,Aromatics,2,Benzoic acid,C6H5COOH,C6H5COOH,1.27,1,0.001,122.12,100,122,249,700,0xFFFFFF,1,0xFFFFFF,0.3,0xFFFFFF,0,0xFFFFFF,0,0.5,0.15,安息香酸,苯甲酸,苯甲酸,安息香酸,0,0,0,0,0,1,
C6H5CHO,Organic,Aldehydes,2,Benzaldehyde,C6H5CHO,C6H5CHO,1.04,1,0.001,106.12,0,-26,179,700,0xFFFFFF,1,0xFFFFFF,0.3,0xFFFFFF,0,0xFFFFFF,0,0.5,0.15,ベンズアルデヒド,苯甲醛,苯甲醛,벤즈알데하이드,0,0,0,0,0,3,
C6H5OCH3,Organic,Ethers,2,Anisole,C6H5OCH3,C6H5OCH3,0.99,1,0.001,108.14,0,-37,154,700,0xFFFFFF,1,0xFFFFFF,0.3,0xFFFFFF,0,0xFFFFFF,0,0.5,0.15,アニソール,苯甲醚,苯甲醚,아니솔,0,0,0,0,0,3,
C4H4N2,Organic,Heterocycles,2,Pyrazine,C4H4N2,C4H4N2,1.03,1,0.001,80.09,0,-42,113,700,0xFFFFFF,1,0xFFFFFF,0.3,0xFFFFFF,0,0xFFFFFF,0,0.5,0.15,ピラジン,吡嗪,吡嗪,피라진,0,0,0,0,0,3,
C5H6N2,Organic,Heterocycles,2,Pyridine,C5H6N2,C5H6N2,0.98,1,0.001,82.11,0,-42,115,700,0xFFFF00,1,0xFFFF00,0.3,0xFFFFFF,0,0xFFFFFF,0,0.5,0.15,ピリジン,吡啶,吡啶,피리딘,0,0,0,0,0,3,
,H,Element,Periodic Table,1,H,H,H,0.00008988,1,0.001,1.008,0,-259.14,-252.87,0,0xC0C0C0,1,0xC0C0C0,1,0xFFFFFF,0,0xFFFFFF,0,0.5,0.15,H,H,H,H,0,0,0,0,0,2
,He,Element,Periodic Table,1,He,He,He,0.0001785,1,0.001,4.0026,0,-272.20,-268.93,0,0xC0C0C0,1,0xC0C0C0,1,0xFFFFFF,0,0xFFFFFF,0,0.5,0.15,He,He,He,He,0,0,0,0,0,2
,Li,Element,Periodic Table,1,Li,Li,Li,0.534,1,0.001,6.94,0,180.50,1342,0,0xFFFFFF,1,0xFFFFFF,1,0xFFFFFF,0,0xFFFFFF,0,0.5,0.15,Li,Li,Li,Li,0,0,0,0,0,2
,Be,Element,Periodic Table,1,Be,Be,Be,1.85,1,0.001,9.0122,0,1287,2469,0,0x808080,1,0x808080,1,0xFFFFFF,0,0xFFFFFF,0,0.5,0.15,Be,Be,Be,Be,0,0,0,0,0,2
,B,Element,Periodic Table,1,B,B,B,2.34,1,0.001,10.81,0,2076,3927,0,0xC0C0C0,1,0xC0C0C0,1,0xFFFFFF,0,0xFFFFFF,0,0.5,0.15,B,B,B,B,0,0,0,0,0,2
,C,Element,Periodic Table,1,C,C,C,2.267,1,0.001,12.011,0,3550,4027,0,0xC0C0C0,1,0xC0C0C0,1,0xFFFFFF,0,0xFFFFFF,0,0.5,0.15,C,C,C,C,0,0,0,0,0,2
,N,Element,Periodic Table,1,N,N,N,0.0012506,1,0.001,14.007,0,-210.00,-195.79,0,0xC0C0C0,1,0xC0C0C0,1,0xFFFFFF,0,0xFFFFFF,0,0.5,0.15,N,N,N,N,0,0,0,0,0,2
,O,Element,Periodic Table,1,O,O,O,0.001429,1,0.001,15.999,0,-218.79,-182.95,0,0xC0C0C0,1,0xC0C0C0,1,0xFFFFFF,0,0xFFFFFF,0,0.5,0.15,O,O,O,O,0,0,0,0,0,2
,F,Element,Periodic Table,1,F,F,F,0.001696,1,0.001,18.998,0,-219.67,-188.12,0,0xFFFF00,1,0xFFFF00,1,0xFFFFFF,0,0xFFFFFF,0,0.5,0.15,F,F,F,F,0,0,0,0,0,2
,Ne,Element,Periodic Table,1,Ne,Ne,Ne,0.0008999,1,0.001,20.18,0,-248.59,-246.08,0,0xC0C0C0,1,0xC0C0C0,1,0xFFFFFF,0,0xFFFFFF,0,0.5,0.15,Ne,Ne,Ne,Ne,0,0,0,0,0,2
,Na,Element,Periodic Table,1,Na,Na,Na,0.971,1,0.001,22.99,0,97.79,882.94,0,0xFFFFFF,1,0xFFFFFF,1,0xFFFFFF,0,0xFFFFFF,0,0.5,0.15,Na,Na,Na,Na,0,0,0,0,0,2
,Mg,Element,Periodic Table,1,Mg,Mg,Mg,1.738,1,0.001,24.305,0,650,1090,0,0xFFFFFF,1,0xFFFFFF,1,0xFFFFFF,0,0xFFFFFF,0,0.5,0.15,Mg,Mg,Mg,Mg,0,0,0,0,0,2
,Al,Element,Periodic Table,1,Al,Al,Al,2.698,1,0.001,26.982,0,660.32,2519,0,0x808080,1,0x808080,1,0xFFFFFF,0,0xFFFFFF,0,0.5,0.15,Al,Al,Al,Al,0,0,0,0,0,2
,Si,Element,Periodic Table,1,Si,Si,Si,2.3296,1,0.001,28.085,0,1414,3265,0,0xC0C0C0,1,0xC0C0C0,1,0xFFFFFF,0,0xFFFFFF,0,0.5,0.15,Si,Si,Si,Si,0,0,0,0,0,2
,P,Element,Periodic Table,1,P,P,P,1.82,1,0.001,30.974,0,44.15,280.5,0,0xFFFFFF,1,0xFFFFFF,1,0xFFFFFF,0,0xFFFFFF,0,0.5,0.15,P,P,P,P,0,0,0,0,0,2
,S,Element,Periodic Table,1,S,S,S,2.067,1,0.001,32.06,0,115.21,444.6,0,0xFFFF00,1,0xFFFF00,1,0xFFFFFF,0,0xFFFFFF,0,0.5,0.15,S,S,S,S,0,0,0,0,0,2
,Cl,Element,Periodic Table,1,Cl,Cl,Cl,0.003214,1,0.001,35.45,0,-101.5,-34.04,0,0xFFFF00,1,0xFFFF00,1,0xFFFFFF,0,0xFFFFFF,0,0.5,0.15,Cl,Cl,Cl,Cl,0,0,0,0,0,2
,Ar,Element,Periodic Table,1,Ar,Ar,Ar,0.0017837,1,0.001,39.948,0,-189.35,-185.85,0,0xC0C0C0,1,0xC0C0C0,1,0xFFFFFF,0,0xFFFFFF,0,0.5,0.15,Ar,Ar,Ar,Ar,0,0,0,0,0,2
,K,Element,Periodic Table,1,K,K,K,0.862,1,0.001,39.098,0,63.5,759,0,0x808080,1,0x808080,1,0xFFFFFF,0,0xFFFFFF,0,0.5,0.15,K,K,K,K,0,0,0,0,0,2
,Ca,Element,Periodic Table,1,Ca,Ca,Ca,1.54,1,0.001,40.078,0,842,1484,0,0x808080,1,0x808080,1,0xFFFFFF,0,0xFFFFFF,0,0.5,0.15,Ca,Ca,Ca,Ca,0,0,0,0,0,2
,Sc,Element,Periodic Table,1,Sc,Sc,Sc,2.989,1,0.001,44.956,0,1541,2836,0,0xFFFFFF,1,0xFFFFFF,1,0xFFFFFF,0,0xFFFFFF,0,0.5,0.15,Sc,Sc,Sc,Sc,0,0,0,0,0,2
,Ti,Element,Periodic Table,1,Ti,Ti,Ti,4.54,1,0.001,47.867,0,1668,3287,0,0x808080,1,0x808080,1,0xFFFFFF,0,0xFFFFFF,0,0.5,0.15,Ti,Ti,Ti,Ti,0,0,0,0,0,2
,V,Element,Periodic Table,1,V,V,V,6.11,1,0.001,50.942,0,1910,3407,0,0x808080,1,0x808080,1,0xFFFFFF,0,0xFFFFFF,0,0.5,0.15,V,V,V,V,0,0,0,0,0,2
,Cr,Element,Periodic Table,1,Cr,Cr,Cr,7.15,1,0.001,51.996,0,1907,2671,0,0xC0C0C0,1,0xC0C0C0,1,0xFFFFFF,0,0xFFFFFF,0,0.5,0.15,Cr,Cr,Cr,Cr,0,0,0,0,0,2
,Mn,Element,Periodic Table,1,Mn,Mn,Mn,7.44,1,0.001,54.938,0,1246,2061,0,0xC0C0C0,1,0xC0C0C0,1,0xFFFFFF,0,0xFFFFFF,0,0.5,0.15,Mn,Mn,Mn,Mn,0,0,0,0,0,2
,Fe,Element,Periodic Table,1,Fe,Fe,Fe,7.874,1,0.001,55.845,0,1538,2861,0,0x808080,1,0x808080,1,0xFFFFFF,0,0xFFFFFF,0,0.5,0.15,Fe,Fe,Fe,Fe,0,0,0,0,0,2
,Co,Element,Periodic Table,1,Co,Co,Co,8.86,1,0.001,58.933,0,1495,2927,0,0x808080,1,0x808080,1,0xFFFFFF,0,0xFFFFFF,0,0.5,0.15,Co,Co,Co,Co,0,0,0,0,0,2
,Ni,Element,Periodic Table,1,Ni,Ni,Ni,8.912,1,0.001,58.693,0,1455,2913,0,0xC0C0C0,1,0xC0C0C0,1,0xFFFFFF,0,0xFFFFFF,0,0.5,0.15,Ni,Ni,Ni,Ni,0,0,0,0,0,2
,Cu,Element,Periodic Table,1,Cu,Cu,Cu,8.96,1,0.001,63.546,0,1084.62,2562,0,0xFF0000,1,0xFF0000,1,0xFFFFFF,0,0xFFFFFF,0,0.5,0.15,Cu,Cu,Cu,Cu,0,0,0,0,0,2
,Zn,Element,Periodic Table,1,Zn,Zn,Zn,7.134,1,0.001,65.38,0,419.53,907,0,0x808080,1,0x808080,1,0xFFFFFF,0,0xFFFFFF,0,0.5,0.15,Zn,Zn,Zn,Zn,0,0,0,0,0,2
,Ga,Element,Periodic Table,1,Ga,Ga,Ga,5.907,1,0.001,69.723,0,29.76,2204,0,0x0000FF,1,0x0000FF,1,0xFFFFFF,0,0xFFFFFF,0,0.5,0.15,Ga,Ga,Ga,Ga,0,0,0,0,0,2
,Ge,Element,Periodic Table,1,Ge,Ge,Ge,5.323,1,0.001,72.63,0,938.25,2833,0,0x808080,1,0x808080,1,0xFFFFFF,0,0xFFFFFF,0,0.5,0.15,Ge,Ge,Ge,Ge,0,0,0,0,0,2
,As,Element,Periodic Table,1,As,As,As,5.776,1,0.001,74.922,0,817,614,0,0x808080,1,0x808080,1,0xFFFFFF,0,0xFFFFFF,0,0.5,0.15,As,As,As,As,0,0,0,0,0,2
,Se,Element,Periodic Table,1,Se,Se,Se,4.809,1,0.001,78.971,0,221,685,0,0x808080,1,0x808080,1,0xFFFFFF,0,0xFFFFFF,0,0.5,0.15,Se,Se,Se,Se,0,0,0,0,0,2
,Br,Element,Periodic Table,1,Br,Br,Br,3.122,1,0.001,79.904,0,-7.2,58.8,0,0xFF0000,1,0xFF0000,1,0xFFFFFF,0,0xFFFFFF,0,0.5,0.15,Br,Br,Br,Br,0,0,0,0,0,2
,Kr,Element,Periodic Table,1,Kr,Kr,Kr,0.003733,1,0.001,83.798,0,-157.36,-153.22,0,0xC0C0C0,1,0xC0C0C0,1,0xFFFFFF,0,0xFFFFFF,0,0.5,0.15,Kr,Kr,Kr,Kr,0,0,0,0,0,2
,Rb,Element,Periodic Table,1,Rb,Rb,Rb,1.532,1,0.001,85.468,0,39.30,688,0,0x808080,1,0x808080,1,0xFFFFFF,0,0xFFFFFF,0,0.5,0.15,Rb,Rb,Rb,Rb,0,0,0,0,0,2
,Sr,Element,Periodic Table,1,Sr,Sr,Sr,2.64,1,0.001,87.62,0,777,1382,0,0xFFFFFF,1,0xFFFFFF,1,0xFFFFFF,0,0xFFFFFF,0,0.5,0.15,Sr,Sr,Sr,Sr,0,0,0,0,0,2
,Y,Element,Periodic Table,1,Y,Y,Y,4.469,1,0.001,88.906,0,1526,3345,0,0xFFFFFF,1,0xFFFFFF,1,0xFFFFFF,0,0xFFFFFF,0,0.5,0.15,Y,Y,Y,Y,0,0,0,0,0,2
,Zr,Element,Periodic Table,1,Zr,Zr,Zr,6.506,1,0.001,91.224,0,1855,4409,0,0x808080,1,0x808080,1,0xFFFFFF,0,0xFFFFFF,0,0.5,0.15,Zr,Zr,Zr,Zr,0,0,0,0,0,2
,Nb,Element,Periodic Table,1,Nb,Nb,Nb,8.57,1,0.001,92.906,0,2477,4744,0,0x808080,1,0x808080,1,0xFFFFFF,0,0xFFFFFF,0,0.5,0.15,Nb,Nb,Nb,Nb,0,0,0,0,0,2
,Mo,Element,Periodic Table,1,Mo,Mo,Mo,10.22,1,0.001,95.95,0,2623,4639,0,0x808080,1,0x808080,1,0xFFFFFF,0,0xFFFFFF,0,0.5,0.15,Mo,Mo,Mo,Mo,0,0,0,0,0,2
,Tc,Element,Periodic Table,1,Tc,Tc,Tc,11.5,1,0.001,98.0,0,2157,4265,0,0x808080,1,0x808080,1,0xFFFFFF,0,0xFFFFFF,0,0.5,0.15,Tc,Tc,Tc,Tc,0,0,0,0,0,2
,Ru,Element,Periodic Table,1,Ru,Ru,Ru,12.37,1,0.001,101.07,0,2334,4150,0,0xFFFFFF,1,0xFFFFFF,1,0xFFFFFF,0,0xFFFFFF,0,0.5,0.15,Ru,Ru,Ru,Ru,0,0,0,0,0,2
,Rh,Element,Periodic Table,1,Rh,Rh,Rh,12.41,1,0.001,102.91,0,1964,3695,0,0xFFFFFF,1,0xFFFFFF,1,0xFFFFFF,0,0xFFFFFF,0,0.5,0.15,Rh,Rh,Rh,Rh,0,0,0,0,0,2
,Pd,Element,Periodic Table,1,Pd,Pd,Pd,12.02,1,0.001,106.42,0,1554.9,2963,0,0xFFFFFF,1,0xFFFFFF,1,0xFFFFFF,0,0xFFFFFF,0,0.5,0.15,Pd,Pd,Pd,Pd,0,0,0,0,0,2
,Ag,Element,Periodic Table,1,Ag,Ag,Ag,10.501,1,0.001,107.87,0,961.78,2162,0,0xFFFFFF,1,0xFFFFFF,1,0xFFFFFF,0,0xFFFFFF,0,0.5,0.15,Ag,Ag,Ag,Ag,0,0,0,0,0,2
,Cd,Element,Periodic Table,1,Cd,Cd,Cd,8.69,1,0.001,112.41,0,321.07,767,0,0x808080,1,0x808080,1,0xFFFFFF,0,0xFFFFFF,0,0.5,0.15,Cd,Cd,Cd,Cd,0,0,0,0,0,2
,In,Element,Periodic Table,1,In,In,In,7.31,1,0.001,114.82,0,156.60,2072,0,0x808080,1,0x808080,1,0xFFFFFF,0,0xFFFFFF,0,0.5,0.15,In,In,In,In,0,0,0,0,0,2
,Sn,Element,Periodic Table,1,Sn,Sn,Sn,7.287,1,0.001,118.71,0,231.93,2602,0,0xFFFFFF,1,0xFFFFFF,1,0xFFFFFF,0,0xFFFFFF,0,0.5,0.15,Sn,Sn,Sn,Sn,0,0,0,0,0,2
,Sb,Element,Periodic Table,1,Sb,Sb,Sb,6.685,1,0.001,121.76,0,630.63,1587,0,0x808080,1,0x808080,1,0xFFFFFF,0,0xFFFFFF,0,0.5,0.15,Sb,Sb,Sb,Sb,0,0,0,0,0,2
,Te,Element,Periodic Table,1,Te,Te,Te,6.232,1,0.001,127.6,0,449.51,988,0,0x808080,1,0x808080,1,0xFFFFFF,0,0xFFFFFF,0,0.5,0.15,Te,Te,Te,Te,0,0,0,0,0,2
,I,Element,Periodic Table,1,I,I,I,4.93,1,0.001,126.9,0,113.7,184.3,0,0xC0C0C0,1,0xC0C0C0,1,0xFFFFFF,0,0xFFFFFF,0,0.5,0.15,I,I,I,I,0,0,0,0,0,2
,Xe,Element,Periodic Table,1,Xe,Xe,Xe,0.005887,1,0.001,131.29,0,-111.75,-108.12,0,0xC0C0C0,1,0xC0C0C0,1,0xFFFFFF,0,0xFFFFFF,0,0.5,0.15,Xe,Xe,Xe,Xe,0,0,0,0,0,2
,Cs,Element,Periodic Table,1,Cs,Cs,Cs,1.873,1,0.001,132.91,0,28.44,671,0,0xC0C0C0,1,0xC0C0C0,1,0xFFFFFF,0,0xFFFFFF,0,0.5,0.15,Cs,Cs,Cs,Cs,0,0,0,0,0,2
,Ba,Element,Periodic Table,1,Ba,Ba,Ba,3.594,1,0.001,137.33,0,727,1897,0,0x808080,1,0x808080,1,0xFFFFFF,0,0xFFFFFF,0,0.5,0.15,Ba,Ba,Ba,Ba,0,0,0,0,0,2
,La,Element,Periodic Table,1,La,La,La,6.145,1,0.001,138.91,0,920,3464,0,0xFFFFFF,1,0xFFFFFF,1,0xFFFFFF,0,0xFFFFFF,0,0.5,0.15,La,La,La,La,0,0,0,0,0,2
,Ce,Element,Periodic Table,1,Ce,Ce,Ce,6.77,1,0.001,140.12,0,798,3443,0,0xFFFFFF,1,0xFFFFFF,1,0xFFFFFF,0,0xFFFFFF,0,0.5,0.15,Ce,Ce,Ce,Ce,0,0,0,0,0,2
,Pr,Element,Periodic Table,1,Pr,Pr,Pr,6.773,1,0.001,140.91,0,931,3520,0,0x808080,1,0x808080,1,0xFFFFFF,0,0xFFFFFF,0,0.5,0.15,Pr,Pr,Pr,Pr,0,0,0,0,0,2
,Nd,Element,Periodic Table,1,Nd,Nd,Nd,7.007,1,0.001,144.24,0,1021,3074,0,0xFFFFFF,1,0xFFFFFF,1,0xFFFFFF,0,0xFFFFFF,0,0.5,0.15,Nd,Nd,Nd,Nd,0,0,0,0,0,2
,Pm,Element,Periodic Table,1,Pm,Pm,Pm,7.26,1,0.001,145.0,0,1042,3000,0,0xC0C0C0,1,0xC0C0C0,1,0xFFFFFF,0,0xFFFFFF,0,0.5,0.15,Pm,Pm,Pm,Pm,0,0,0,0,0,2
,Sm,Element,Periodic Table,1,Sm,Sm,Sm,7.52,1,0.001,150.36,0,1072,1794,0,0xFFFFFF,1,0xFFFFFF,1,0xFFFFFF,0,0xFFFFFF,0,0.5,0.15,Sm,Sm,Sm,Sm,0,0,0,0,0,2
,Eu,Element,Periodic Table,1,Eu,Eu,Eu,5.243,1,0.001,151.96,0,822,1529,0,0xFFFFFF,1,0xFFFFFF,1,0xFFFFFF,0,0xFFFFFF,0,0.5,0.15,Eu,Eu,Eu,Eu,0,0,0,0,0,2
,Gd,Element,Periodic Table,1,Gd,Gd,Gd,7.895,1,0.001,157.25,0,1313,3273,0,0xFFFFFF,1,0xFFFFFF,1,0xFFFFFF,0,0xFFFFFF,0,0.5,0.15,Gd,Gd,Gd,Gd,0,0,0,0,0,2
,Tb,Element,Periodic Table,1,Tb,Tb,Tb,8.229,1,0.001,158.93,0,1356,3230,0,0xFFFFFF,1,0xFFFFFF,1,0xFFFFFF,0,0xFFFFFF,0,0.5,0.15,Tb,Tb,Tb,Tb,0,0,0,0,0,2
,Dy,Element,Periodic Table,1,Dy,Dy,Dy,8.55,1,0.001,162.5,0,1412,2567,0,0xFFFFFF,1,0xFFFFFF,1,0xFFFFFF,0,0xFFFFFF,0,0.5,0.15,Dy,Dy,Dy,Dy,0,0,0,0,0,2
,Ho,Element,Periodic Table,1,Ho,Ho,Ho,8.795,1,0.001,164.93,0,1474,2700,0,0xFFFFFF,1,0xFFFFFF,1,0xFFFFFF,0,0xFFFFFF,0,0.5,0.15,Ho,Ho,Ho,Ho,0,0,0,0,0,2
,Er,Element,Periodic Table,1,Er,Er,Er,9.066,1,0.001,167.26,0,1529,2868,0,0xFFFFFF,1,0xFFFFFF,1,0xFFFFFF,0,0xFFFFFF,0,0.5,0.15,Er,Er,Er,Er,0,0,0,0,0,2
,Tm,Element,Periodic Table,1,Tm,Tm,Tm,9.321,1,0.001,168.93,0,1545,1950,0,0x808080,1,0x808080,1,0xFFFFFF,0,0xFFFFFF,0,0.5,0.15,Tm,Tm,Tm,Tm,0,0,0,0,0,2
,Yb,Element,Periodic Table,1,Yb,Yb,Yb,6.965,1,0.001,173.05,0,819,1196,0,0xFFFFFF,1,0xFFFFFF,1,0xFFFFFF,0,0xFFFFFF,0,0.5,0.15,Yb,Yb,Yb,Yb,0,0,0,0,0,2
,Lu,Element,Periodic Table,1,Lu,Lu,Lu,9.84,1,0.001,174.97,0,1663,3402,0,0xFFFFFF,1,0xFFFFFF,1,0xFFFFFF,0,0xFFFFFF,0,0.5,0.15,Lu,Lu,Lu,Lu,0,0,0,0,0,2
,Hf,Element,Periodic Table,1,Hf,Hf,Hf,13.31,1,0.001,178.49,0,2233,4603,0,0x808080,1,0x808080,1,0xFFFFFF,0,0xFFFFFF,0,0.5,0.15,Hf,Hf,Hf,Hf,0,0,0,0,0,2
,Ta,Element,Periodic Table,1,Ta,Ta,Ta,16.654,1,0.001,180.95,0,3017,5458,0,0x808080,1,0x808080,1,0xFFFFFF,0,0xFFFFFF,0,0.5,0.15,Ta,Ta,Ta,Ta,0,0,0,0,0,2
,W,Element,Periodic Table,1,W,W,W,19.25,1,0.001,183.84,0,3422,5555,0,0x808080,1,0x808080,1,0xFFFFFF,0,0xFFFFFF,0,0.5,0.15,W,W,W,W,0,0,0,0,0,2
,Re,Element,Periodic Table,1,Re,Re,Re,21.02,1,0.001,186.21,0,3186,5596,0,0x808080,1,0x808080,1,0xFFFFFF,0,0xFFFFFF,0,0.5,0.15,Re,Re,Re,Re,0,0,0,0,0,2
,Os,Element,Periodic Table,1,Os,Os,Os,22.59,1,0.001,190.23,0,3033,5012,0,0xC0C0C0,1,0xC0C0C0,1,0xFFFFFF,0,0xFFFFFF,0,0.5,0.15,Os,Os,Os,Os,0,0,0,0,0,2
,Ir,Element,Periodic Table,1,Ir,Ir,Ir,22.56,1,0.001,192.22,0,2466,4428,0,0xFFFFFF,1,0xFFFFFF,1,0xFFFFFF,0,0xFFFFFF,0,0.5,0.15,Ir,Ir,Ir,Ir,0,0,0,0,0,2
,Pt,Element,Periodic Table,1,Pt,Pt,Pt,21.46,1,0.001,195.08,0,1768.3,3825,0,0xFFFFFF,1,0xFFFFFF,1,0xFFFFFF,0,0xFFFFFF,0,0.5,0.15,Pt,Pt,Pt,Pt,0,0,0,0,0,2
,Au,Element,Periodic Table,1,Au,Au,Au,19.282,1,0.001,196.97,0,1064.18,2856,0,0xFFFF00,1,0xFFFF00,1,0xFFFFFF,0,0xFFFFFF,0,0.5,0.15,Au,Au,Au,Au,0,0,0,0,0,2
,Hg,Element,Periodic Table,1,Hg,Hg,Hg,13.5336,1,0.001,200.59,0,-38.83,356.73,0,0xC0C0C0,1,0xC0C0C0,1,0xFFFFFF,0,0xFFFFFF,0,0.5,0.15,Hg,Hg,Hg,Hg,0,0,0,0,0,2
,Tl,Element,Periodic Table,1,Tl,Tl,Tl,11.85,1,0.001,204.38,0,304,1473,0,0xFFFFFF,1,0xFFFFFF,1,0xFFFFFF,0,0xFFFFFF,0,0.5,0.15,Tl,Tl,Tl,Tl,0,0,0,0,0,2
,Pb,Element,Periodic Table,1,Pb,Pb,Pb,11.342,1,0.001,207.2,0,327.46,1749,0,0x808080,1,0x808080,1,0xFFFFFF,0,0xFFFFFF,0,0.5,0.15,Pb,Pb,Pb,Pb,0,0,0,0,0,2
,Bi,Element,Periodic Table,1,Bi,Bi,Bi,9.807,1,0.001,208.98,0,271.5,1564,0,0xC0C0C0,1,0xC0C0C0,1,0xFFFFFF,0,0xFFFFFF,0,0.5,0.15,Bi,Bi,Bi,Bi,0,0,0,0,0,2
,Po,Element,Periodic Table,1,Po,Po,Po,9.32,1,0.001,209.0,0,254,962,0,0xC0C0C0,1,0xC0C0C0,1,0xFFFFFF,0,0xFFFFFF,0,0.5,0.15,Po,Po,Po,Po,0,0,0,0,0,2
,At,Element,Periodic Table,1,At,At,At,7,1,0.001,210.0,0,302,337,0,0xC0C0C0,1,0xC0C0C0,1,0xFFFFFF,0,0xFFFFFF,0,0.5,0.15,At,At,At,At,0,0,0,0,0,2
,Rn,Element,Periodic Table,1,Rn,Rn,Rn,0.00973,1,0.001,222.0,0,-71,-61.7,0,0xC0C0C0,1,0xC0C0C0,1,0xFFFFFF,0,0xFFFFFF,0,0.5,0.15,Rn,Rn,Rn,Rn,0,0,0,0,0,2
,Fr,Element,Periodic Table,1,Fr,Fr,Fr,1.87,1,0.001,223.0,0,27,677,0,0xC0C0C0,1,0xC0C0C0,1,0xFFFFFF,0,0xFFFFFF,0,0.5,0.15,Fr,Fr,Fr,Fr,0,0,0,0,0,2
,Ra,Element,Periodic Table,1,Ra,Ra,Ra,5.5,1,0.001,226.0,0,700,1737,0,0xFFFFFF,1,0xFFFFFF,1,0xFFFFFF,0,0xFFFFFF,0,0.5,0.15,Ra,Ra,Ra,Ra,0,0,0,0,0,2
,Rf,Element,Periodic Table,1,Rf,Rf,Rf,23.2,1,0.001,267.0,0,2100,5500,0,0x808080,1,0x808080,1,0xFFFFFF,0,0xFFFFFF,0,0.5,0.15,Rf,Rf,Rf,Rf,0,0,0,0,0,2
,Db,Element,Periodic Table,1,Db,Db,Db,29.3,1,0.001,268.0,0,2300,5500,0,0x808080,1,0x808080,1,0xFFFFFF,0,0xFFFFFF,0,0.5,0.15,Db,Db,Db,Db,0,0,0,0,0,2
,Sg,Element,Periodic Table,1,Sg,Sg,Sg,35,1,0.001,269.0,0,2700,5500,0,0x808080,1,0x808080,1,0xFFFFFF,0,0xFFFFFF,0,0.5,0.15,Sg,Sg,Sg,Sg,0,0,0,0,0,2
,Bh,Element,Periodic Table,1,Bh,Bh,Bh,37.1,1,0.001,270.0,0,2700,5200,0,0x808080,1,0x808080,1,0xFFFFFF,0,0xFFFFFF,0,0.5,0.15,Bh,Bh,Bh,Bh,0,0,0,0,0,2
,Hs,Element,Periodic Table,1,Hs,Hs,Hs,41,1,0.001,277.0,0,3300,5700,0,0x808080,1,0x808080,1,0xFFFFFF,0,0xFFFFFF,0,0.5,0.15,Hs,Hs,Hs,Hs,0,0,0,0,0,2
,Mt,Element,Periodic Table,1,Mt,Mt,Mt,37.4,1,0.001,278.0,0,2700,4200,0,0xC0C0C0,1,0xC0C0C0,1,0xFFFFFF,0,0xFFFFFF,0,0.5,0.15,Mt,Mt,Mt,Mt,0,0,0,0,0,2
,Ds,Element,Periodic Table,1,Ds,Ds,Ds,34.8,1,0.001,281.0,0,2700,4400,0,0xC0C0C0,1,0xC0C0C0,1,0xFFFFFF,0,0xFFFFFF,0,0.5,0.15,Ds,Ds,Ds,Ds,0,0,0,0,0,2
,Rg,Element,Periodic Table,1,Rg,Rg,Rg,28.7,1,0.001,282.0,0,2700,3900,0,0xC0C0C0,1,0xC0C0C0,1,0xFFFFFF,0,0xFFFFFF,0,0.5,0.15,Rg,Rg,Rg,Rg,0,0,0,0,0,2
,Cn,Element,Periodic Table,1,Cn,Cn,Cn,23.7,1,0.001,285.0,0,2700,3570,0,0xC0C0C0,1,0xC0C0C0,1,0xFFFFFF,0,0xFFFFFF,0,0.5,0.15,Cn,Cn,Cn,Cn,0,0,0,0,0,2
,Nh,Element,Periodic Table,1,Nh,Nh,Nh,16,1,0.001,286.0,0,700,1400,0,0xC0C0C0,1,0xC0C0C0,1,0xFFFFFF,0,0xFFFFFF,0,0.5,0.15,Nh,Nh,Nh,Nh,0,0,0,0,0,2
,Fl,Element,Periodic Table,1,Fl,Fl,Fl,14,1,0.001,289.0,0,70,150,0,0xC0C0C0,1,0xC0C0C0,1,0xFFFFFF,0,0xFFFFFF,0,0.5,0.15,Fl,Fl,Fl,Fl,0,0,0,0,0,2
,Mc,Element,Periodic Table,1,Mc,Mc,Mc,13.5,1,0.001,290.0,0,670,1400,0,0xC0C0C0,1,0xC0C0C0,1,0xFFFFFF,0,0xFFFFFF,0,0.5,0.15,Mc,Mc,Mc,Mc,0,0,0,0,0,2
,Lv,Element,Periodic Table,1,Lv,Lv,Lv,12.9,1,0.001,293.0,0,709,1085,0,0xC0C0C0,1,0xC0C0C0,1,0xFFFFFF,0,0xFFFFFF,0,0.5,0.15,Lv,Lv,Lv,Lv,0,0,0,0,0,2
,Ts,Element,Periodic Table,1,Ts,Ts,Ts,7.2,1,0.001,294.0,0,550,610,0,0xC0C0C0,1,0xC0C0C0,1,0xFFFFFF,0,0xFFFFFF,0,0.5,0.15,Ts,Ts,Ts,Ts,0,0,0,0,0,2
,Og,Element,Periodic Table,1,Og,Og,Og,5.0,1,0.001,294.0,0,325,450,0,0xC0C0C0,1,0xC0C0C0,1,0xFFFFFF,0,0xFFFFFF,0,0.5,0.15,Og,Og,Og,Og,0,0,0,0,0,2
,Uue,Element,Periodic Table,1,Uue,Uue,Uue,3.0,1,0.001,322.0,0,0-30,630,0,0xC0C0C0,1,0xC0C0C0,1,0xFFFFFF,0,0xFFFFFF,0,0.5,0.15,Uue,Uue,Uue,Uue,0,0,0,0,0,2
,Ubn,Element,Periodic Table,1,Ubn,Ubn,Ubn,7.0,1,0.001,325.0,0,680,1700,0,0xC0C0C0,1,0xC0C0C0,1,0xFFFFFF,0,0xFFFFFF,0,0.5,0.15,Ubn,Ubn,Ubn,Ubn,0,0,0,0,0,2
,Ubu,Element,Periodic Table,1,Ubu,Ubu,Ubu,10.0,1,0.001,330.0,0,900,1900,0,0xC0C0C0,1,0xC0C0C0,1,0xFFFFFF,0,0xFFFFFF,0,0.5,0.15,Ubu,Ubu,Ubu,Ubu,0,0,0,0,0,2
,Ubb,Element,Periodic Table,1,Ubb,Ubb,Ubb,12.0,1,0.001,335.0,0,1100,2200,0,0xC0C0C0,1,0xC0C0C0,1,0xFFFFFF,0,0xFFFFFF,0,0.5,0.15,Ubb,Ubb,Ubb,Ubb,0,0,0,0,0,2
,Ubt,Element,Periodic Table,1,Ubt,Ubt,Ubt,14.0,1,0.001,340.0,0,1200,2400,0,0xC0C0C0,1,0xC0C0C0,1,0xFFFFFF,0,0xFFFFFF,0,0.5,0.15,Ubt,Ubt,Ubt,Ubt,0,0,0,0,0,2
,Ubq,Element,Periodic Table,1,Ubq,Ubq,Ubq,15.5,1,0.001,345.0,0,1300,2600,0,0xC0C0C0,1,0xC0C0C0,1,0xFFFFFF,0,0xFFFFFF,0,0.5,0.15,Ubq,Ubq,Ubq,Ubq,0,0,0,0,0,2
,Ubp,Element,Periodic Table,1,Ubp,Ubp,Ubp,16.5,1,0.001,350.0,0,1350,2700,0,0xC0C0C0,1,0xC0C0C0,1,0xFFFFFF,0,0xFFFFFF,0,0.5,0.15,Ubp,Ubp,Ubp,Ubp,0,0,0,0,0,2
,Ubh,Element,Periodic Table,1,Ubh,Ubh,Ubh,17.5,1,0.001,355.0,0,1400,2800,0,0xC0C0C0,1,0xC0C0C0,1,0xFFFFFF,0,0xFFFFFF,0,0.5,0.15,Ubh,Ubh,Ubh,Ubh,0,0,0,0,0,2
,Ubs,Element,Periodic Table,1,Ubs,Ubs,Ubs,18.5,1,0.001,360.0,0,1450,2900,0,0xC0C0C0,1,0xC0C0C0,1,0xFFFFFF,0,0xFFFFFF,0,0.5,0.15,Ubs,Ubs,Ubs,Ubs,0,0,0,0,0,2
,Ubo,Element,Periodic Table,1,Ubo,Ubo,Ubo,19.5,1,0.001,365.0,0,1500,3000,0,0xC0C0C0,1,0xC0C0C0,1,0xFFFFFF,0,0xFFFFFF,0,0.5,0.15,Ubo,Ubo,Ubo,Ubo,0,0,0,0,0,2
,Ube,Element,Periodic Table,1,Ube,Ube,Ube,20.5,1,0.001,370.0,0,1550,3100,0,0xC0C0C0,1,0xC0C0C0,1,0xFFFFFF,0,0xFFFFFF,0,0.5,0.15,Ube,Ube,Ube,Ube,0,0,0,0,0,2
,Unn,Element,Periodic Table,1,Unn,Unn,Unn,21.5,1,0.001,375.0,0,1600,3200,0,0xC0C0C0,1,0xC0C0C0,1,0xFFFFFF,0,0xFFFFFF,0,0.5,0.15,Unn,Unn,Unn,Unn,0,0,0,0,0,2
,Unu,Element,Periodic Table,1,Unu,Unu,Unu,22.0,1,0.001,380.0,0,1650,3300,0,0xC0C0C0,1,0xC0C0C0,1,0xFFFFFF,0,0xFFFFFF,0,0.5,0.15,Unu,Unu,Unu,Unu,0,0,0,0,0,2
,Unb,Element,Periodic Table,1,Unb,Unb,Unb,22.5,1,0.001,385.0,0,1700,3400,0,0xC0C0C0,1,0xC0C0C0,1,0xFFFFFF,0,0xFFFFFF,0,0.5,0.15,Unb,Unb,Unb,Unb,0,0,0,0,0,2
,Unt,Element,Periodic Table,1,Unt,Unt,Unt,23.0,1,0.001,390.0,0,1750,3500,0,0xC0C0C0,1,0xC0C0C0,1,0xFFFFFF,0,0xFFFFFF,0,0.5,0.15,Unt,Unt,Unt,Unt,0,0,0,0,0,2
,Unq,Element,Periodic Table,1,Unq,Unq,Unq,23.5,1,0.001,395.0,0,1800,3600,0,0xC0C0C0,1,0xC0C0C0,1,0xFFFFFF,0,0xFFFFFF,0,0.5,0.15,Unq,Unq,Unq,Unq,0,0,0,0,0,2
,Unp,Element,Periodic Table,1,Unp,Unp,Unp,24.0,1,0.001,400.0,0,1850,3700,0,0xC0C0C0,1,0xC0C0C0,1,0xFFFFFF,0,0xFFFFFF,0,0.5,0.15,Unp,Unp,Unp,Unp,0,0,0,0,0,2
,Unh,Element,Periodic Table,1,Unh,Unh,Unh,24.5,1,0.001,406.0,0,1900,3800,0,0xC0C0C0,1,0xC0C0C0,1,0xFFFFFF,0,0xFFFFFF,0,0.5,0.15,Unh,Unh,Unh,Unh,0,0,0,0,0,2
,Uns,Element,Periodic Table,1,Uns,Uns,Uns,25.0,1,0.001,411.0,0,1950,3900,0,0xC0C0C0,1,0xC0C0C0,1,0xFFFFFF,0,0xFFFFFF,0,0.5,0.15,Uns,Uns,Uns,Uns,0,0,0,0,0,2
,Uno,Element,Periodic Table,1,Uno,Uno,Uno,25.5,1,0.001,417.0,0,2000,4000,0,0xC0C0C0,1,0xC0C0C0,1,0xFFFFFF,0,0xFFFFFF,0,0.5,0.15,Uno,Uno,Uno,Uno,0,0,0,0,0,2
,Bnn,Element,Periodic Table,1,Bnn,Bnn,Bnn,26.5,1,0.001,427.0,0,2100,4200,0,0xC0C0C0,1,0xC0C0C0,1,0xFFFFFF,0,0xFFFFFF,0,0.5,0.15,Bnn,Bnn,Bnn,Bnn,0,0,0,0,0,2
,Bnu,Element,Periodic Table,1,Bnu,Bnu,Bnu,27.0,1,0.001,432.0,0,2150,4300,0,0xC0C0C0,1,0xC0C0C0,1,0xFFFFFF,0,0xFFFFFF,0,0.5,0.15,Bnu,Bnu,Bnu,Bnu,0,0,0,0,0,2
,Bnb,Element,Periodic Table,1,Bnb,Bnb,Bnb,27.5,1,0.001,438.0,0,2200,4400,0,0xC0C0C0,1,0xC0C0C0,1,0xFFFFFF,0,0xFFFFFF,0,0.5,0.15,Bnb,Bnb,Bnb,Bnb,0,0,0,0,0,2
,Bnt,Element,Periodic Table,1,Bnt,Bnt,Bnt,28.0,1,0.001,443.0,0,2250,4500,0,0xC0C0C0,1,0xC0C0C0,1,0xFFFFFF,0,0xFFFFFF,0,0.5,0.15,Bnt,Bnt,Bnt,Bnt,0,0,0,0,0,2
,Bnq,Element,Periodic Table,1,Bnq,Bnq,Bnq,28.5,1,0.001,449.0,0,2300,4600,0,0xC0C0C0,1,0xC0C0C0,1,0xFFFFFF,0,0xFFFFFF,0,0.5,0.15,Bnq,Bnq,Bnq,Bnq,0,0,0,0,0,2
,Bnp,Element,Periodic Table,1,Bnp,Bnp,Bnp,29.0,1,0.001,454.0,0,2350,4700,0,0xC0C0C0,1,0xC0C0C0,1,0xFFFFFF,0,0xFFFFFF,0,0.5,0.15,Bnp,Bnp,Bnp,Bnp,0,0,0,0,0,2
,Bnh,Element,Periodic Table,1,Bnh,Bnh,Bnh,29.5,1,0.001,459.0,0,2400,4800,0,0xC0C0C0,1,0xC0C0C0,1,0xFFFFFF,0,0xFFFFFF,0,0.5,0.15,Bnh,Bnh,Bnh,Bnh,0,0,0,0,0,2
