Chemical,Type,State,Available,RName,CName,DName,Density1,Density2,Density3,Mm,Sol,Mp,Bp,KH,color1,alpha1,color2,alpha2,color3,alpha3,color4,alpha4,friction,restitution,JPN,CHN,TW,KR,Solk,MOH,KOH,MH,KH,PTN
H2O,Liquid,0,1,Water,H2O,H2O,0.917,1,0.001,18.02,0,0,100,4120,0xFFFFFF,1,0xFFFFFF,0.1,0xFFFFFF,0,0xFFFFFF,0,0.5,0.15,水,水,水,물,0,0,0,0,0,3
Litmus,Solution,4,1,Litmus,Litmus,Litmus,1,1,0.001,18,100,0,200,4000,0xFFFFFF,1,0xFFFFFF,0.12,0x9933CC,0,0xFFFFFF,0.06,0.5,0.15,リトマス,石蕊,石蕊,리트머스,0,0,0,0,0,3
Ag,Solid,0,1,Silver,Ag,Ag,10.49,8.02,0.001,107.9,0,962,2162,235,0xCCC9C4,1,0xCCC9C4,0.9,0xFFFFFF,0,0xFFFFFF,0,0.5,0.15,銀,银,銀,은,0,0,0,0,0,2
Ag2O,Solid,0,1,Silver oxide,Ag2O,Ag2O,7.14,2,0.001,231.74,0,280,99999,235,0x3C3835,1,0x3C3835,0.9,0xFFFFFF,0,0xFFFFFF,0,0.5,0.15,酸化銀,氧化银,氧化銀,산화은,0,0,0,0,0,1
Ag2S,Solid,0,1,Silver sulfide,Ag2S,Ag2S,7.23,2,0.001,247.8,0,1098,99999,235,0xFFFFFF,1,0xFFFFFF,0.9,0xFFFFFF,0,0xFFFFFF,0,0.5,0.15,硫化銀,硫化银,硫化銀,황화은,0,0,0,0,0,2
Ag2SO4,Solid,0,1,Silver sulfate,Ag2SO4,Ag2SO4,5.45,2,0.001,311.8,0.31,652,1085,235,0x000000,1,0x000000,0.9,0xFFFFFF,0,0xFFFFFF,0,0.5,0.15,硫酸銀,硫酸银,硫酸銀,황산은,0,0,0,0,1.000000E-06,2
AgBr,Solid,0,1,Silver bromide,AgBr,AgBr,6.473,1,0.001,187.77,0,432,1502,333,0xFFFF33,1,0xFFFF33,0.9,0xFFFFFF,0,0xFFFFFF,0,0.5,0.15,臭化銀,溴化银,溴化銀,브롬화은,1,0,0,0,0,2
AgCl,Solid,0,1,Silver chloride,AgCl,AgCl,5.56,2,0.001,143.3,0,455,1547,235,0xFFFFFF,1,0xFFFFFF,0.9,0xFFFFFF,0,0xFFFFFF,0,0.5,0.15,塩化銀,氯化银,氯化銀,염화은,0,0,0,0,5.0000000E-07,2
AgF,Solid,0,1,Silver fluoride,AgF,AgF,5.852,1,0.001,126.87,182,435,1159,44,0xFFFFFF,1,0xFFFFFF,0.9,0xFFFFFF,0,0xFFFFFF,0,0.5,0.15,フッ化銀,氟化银,氟化銀,플루오린화은,233,0.13187,0,0,0,2
AgI,Solid,0,1,Silver iodide,AgI,AgI,5.683,1,0.001,234.77,0,558,1506,356,0xFFFF33,1,0xFFFF33,0.9,0xFFFFFF,0,0xFFFFFF,0,0.5,0.15,ヨウ化銀,碘化银,碘化銀,요오드화은,0,0,0,0,0,2
AgNH32Cl,Solid,0,0,undefined,AgNH32Cl,[Ag(NH3)2]Cl,2,0.91,0.001,177.83,100,-300,-200,900,0xFFFFFF,1,0xFFFFFF,0.9,0xFFFFFF,0,0xFFFFFF,0,0.5,0.15,定義されていません,未定义,未定義,,0,0,0,0,0,1
AgNH32OH,Solid,0,0,undefined,AgNH32OH,[Ag(NH3)2]OH,2,0.91,0.001,177.83,100,-300,-200,900,0xFFFFFF,1,0xFFFFFF,0.9,0xFFFFFF,0,0xFFFFFF,0,0.5,0.15,定義されていません,未定义,未定義,,0,0,0,0,0,1
AgNO3,Solid,0,1,Silver nitrate,AgNO3,AgNO3,5.35,2.32,0.001,169.87,216,212,444,440.49,0xFFFFFF,1,0xFFFFFF,0.9,0xFFFFFF,0,0xFFFFFF,0,0.5,0.15,硝酸銀,硝酸银,硝酸銀,질산은,0,0,0,0,5.0000000E-07,1
Al,Solid,0,1,Aluminium,Al,Al,0.968,0.927,0.001,29.98,0,650,1091,896,0x484A45,1,0x6A6D66,0.9,0xFFFFFF,0,0xFFFFFF,0,0.5,0.15,アルミニウム,铝,鋁,알루미늄,0,0,0,0,0,2
Al2O3,Solid,0,1,Aluminium oxide,Al2O3,Al2O3,3.95,1,0.001,102,0,2072,2977,1023.41,0xD4D0C7,1,0xD4D0C7,0.9,0xFFFFFF,0,0xFFFFFF,0,0.5,0.15,酸化アルミニウム,氧化铝,氧化鋁,산화 알루미늄 ,0,0,0,0,0,1
Al2S3,Solid,0,1,Aluminium sulfide,Al2S3,Al2S3,2.32,1,0.001,150.2,0,1100,1500,1023.41,0x666666,1,0x666666,0.9,0xFFFFFF,0,0xFFFFFF,0,0.5,0.15,硫化アルミニウム,硫化铝,硫化鋁,황화 알루미늄 ,0,0,0,0,0,1
Al2SO43,Solid,0,1,Aluminium sulfate,Al2SO43,Al2(SO4)3,1.69,1,0.001,342.15,87,770,99999,578,0xFFFFFF,1,0xFFFFFF,0.9,0xFFFFFF,0,0xFFFFFF,0,0.5,0.15,硫酸アルミニウム,硫酸铝,硫酸鋁,황산 알루미늄 ,23,0,0,0,1.54000000000E-09,1
AlBr3,Solid,0,1,Aluminium bromide,AlBr3,AlBr3,3.05,2.32,0.001,266.69,0,97.8,265,440.49,0xFFCC66,1,0xFFCC66,0.9,0xFFFFFF,0,0xFFFFFF,0,0.5,0.15,臭化アルミニウム,溴化铝,溴化鋁,브롬화 알루미늄,0,0,0,0,0,1
AlCl3,Solid,0,1,Aluminium chloride,AlCl3,AlCl3,2.48,1.9,0.001,133.3,45.8,192.4,99999,900,0xFFFFFF,1,0xFFFFFF,0.9,0xFFFFFF,0,0xFFFFFF,0,0.5,0.15,塩化アルミニウム,氯化铝,氯化鋁,염화 알루미늄,0,0,0,0,4.6000E-03,1
AlNO33,Solid,0,1,Aluminium nitrate,AlNO33,Al(NO3)3,3.05,2.32,0.001,213,73.4,73,135,440.49,0xFFFFFF,1,0xFFFFFF,0.9,0xFFFFFF,0,0x529F69,0,0.5,0.15,硝酸アルミニウム,硝酸铝,硝酸鋁,질산 알루미늄,0,0,0,0,7.70000000000E-10,1
AlOH3,Solid,0,1,Aluminium hydroxide,AlOH3,Al(OH)3,2.4,1.2,0.001,78,0,300,99999,1023.41,0xFFFFFF,1,0xFFFFFF,0.9,0xFFFFFF,0,0xFFFFFF,0,0.5,0.15,水酸化アルミニウム,氢氧化铝,氫氧化鋁,수산화 알루미늄,0,0,0,0,0,1
Ar,Gas,0,1,Argon,Ar,Ar,2,1,0.001784,39.9,0,-189.4,-185.9,519.5,0xFFFFFF,1,0xFFFFFF,0.9,0xFFFFFF,0,0xFFFFFF,0,0.5,0.15,アルゴン,氩,氬,아르곤,0,0,0,0,0,1
As,Solid,0,1,Arsenic,As,As,5.727,5.22,0.001,74.92,0,615,616,900,0xDCDED3,1,0xDCDED3,0.9,0xFFFFFF,0,0xFFFFFF,0,0.5,0.15,ヒ素,砷,砷,비소,0,0,0,0,0,2
As4O6,Solid,0,1,Arsenic trioxide,As4O6,As4O6,3.74,3,0.001,395.68,0,312.2,465,900,0xFFFFFF,1,0xFFFFFF,0.9,0xFFFFFF,0,0xFFFFFF,0,0.5,0.15,三酸化ヒ素,白砒,白砒,삼산화 비소,0,0,0,0,0,1
AsI3,Solid,0,1,Arsenic triiodide,AsI3,AsI3,4.69,1,0.001,455.64,6,146,403,900,0x994732,0.9,0x994732,0.9,0xFFFFFF,0,0xFFFFFF,0,0.5,0.15,三ヨウ化ヒ素,三碘化砷,三碘化砷,비소 트리 요오드화비소,0,0,0,0,0,1
Au,Solid,0,1,Gold,Au,Au,19.3,19,0.001,197,0,1064.18,2856,129.05,0xD59332,1,0xD59332,0.9,0xFFFFFF,0,0xFFFFFF,0,0.5,0.15,金,金,金,금,0,0,0,0,0,4
Ba,Solid,0,1,Barium,Ba,Ba,3.51,3.33,0.001,137.3,0,727,1845,800,0x3F4753,1,0x3F4753,0.9,0xFFFFFF,0,0xFFFFFF,0,0.5,0.15,バリウム,钡,鋇,바륨,0,0,0,0,0,2
BaCl2,Solid,0,1,Barium chloride,BaCl2,BaCl2,3.86,1,0.001,208.23,35.8,962,1560,2000,0xFFFFFF,1,0xFFFFFF,0.9,0xFFFFFF,0,0xFFFFFF,0,0.5,0.15,塩化バリウム,氯化钡,氯化鋇,염화 바륨,0,0,0,0,0,1
BaCO3,Solid,0,1,Barium carbonate,BaCO3,BaCO3,4.29,1,0.001,197.34,0,811,1360,2000,0xFFFFFF,1,0xFFFFFF,0.9,0xFFFFFF,0,0xFFFFFF,0,0.5,0.15,炭酸バリウム,碳酸钡,碳酸鋇,탄산 바륨,0,0,0,0,0,1
BaNO32,Solid,0,1,Barium nitrate,BaNO32,Ba(NO3)2,3.24,1,0.001,261.3,10.5,590,999999,2000,0xFFFFFF,1,0xFFFFFF,0.9,0xFFFFFF,0,0xFFFFFF,0,0.5,0.15,硝酸バリウム,硝酸钡,硝酸鋇,질산 바륨,0,0,0,0,0,1
BaO,Solid,0,1,Barium oxide,BaO,BaO,5.72,1,0.001,153.3,3.48,1923,2000,2000,0xFFFFFF,1,0xFFFFFF,0.9,0xFFFFFF,0,0xFFFFFF,0,0.5,0.15,酸化バリウム,氧化钡,氧化鋇,산화 바륨,0,0,0,0,0,2
BaOH2,Solid,0,1,Barium hydroxide,BaOH2,Ba(OH)2,5.72,1,0.001,171.3,3.89,408,780,2000,0xFFFFFF,1,0xFFFFFF,0.9,0xFFFFFF,0,0xFFFFFF,0,0.5,0.15,水酸化バリウム,氢氧化钡,氫氧化鋇,수산화 바륨,0,2,0,0,0,1
BaSO4,Solid,0,1,Barium sulfate,BaSO4,BaSO4,4.5,1,0.001,233.43,0,1345,1600,2000,0xFFFFFF,1,0xFFFFFF,0.9,0xFFFFFF,0,0xFFFFFF,0,0.5,0.15,硫酸バリウム,硫酸钡,硫酸鋇,황산 바륨,0,0,0,0,0,1
Br2,Liquid,0,1,Bromine,Br2,Br2,2,3.1,0.001,159.8,3.38,-7.2,58.8,947.3,0xFFFFFF,1,0x90230C,0.7,0x90230C,0.3,0x90230C,0.7,0.5,0.15,臭素,溴,溴,브롬,0,0,0,0,0,1
C,Solid,0,1,Carbon,C,C,2.267,1,0.001,12.01,0,3550,4827,512,0x212115,1,0x212115,0.9,0xFFFFFF,0,0xFFFFFF,0,0.5,0.15,炭素,碳,碳,탄소,0,0,0,0,0,5
Ca,Solid,0,1,Calcium,Ca,Ca,1.55,1,0.001,40.08,0,839,1484,4120,0xFFFFFF,1,0xFFFFFF,0.9,0xFFFFFF,0,0xFFFFFF,0,0.5,0.15,カルシウム,钙,鈣,칼슘,0,0,0,0,0,2
CaC2,Solid,0,1,Calcium carbide,CaC2,CaC2,2.22,2,0.001,64.1,0,2160,2300,700,0xF9ECC9,1,0xF9ECC9,0.9,0xFFFFFF,0,0xFFFFFF,0,0.5,0.15,炭化カルシウム,碳化钙,碳化鈣,탄화 칼슘,0,0,0,0,0,1
CaCl2,Solid,0,1,Calcium chloride,CaCl2,CaCl2,2.15,1,0.001,111,74.5,772,1935,819.94,0xFFFFFF,1,0xFFFFFF,0.9,0xFFFFFF,0,0xFFFFFF,0,0.5,0.15,塩化カルシウム,氯化钙,氯化鈣,염화 칼슘,0,0,0,0,0,1
CaCO3,Solid,0,1,Calcium carbonate,CaCO3,CaCO3,2.83,1,0.001,100.1,0.000015,825,99999,819.94,0xFFFFFF,1,0xFFFFFF,0.9,0xFFFFFF,0,0xFFFFFF,0,0.5,0.15,炭酸カルシウム,碳酸钙,碳酸鈣,탄산 칼슘,0,0,0,0,0,1
CaNO32,Solid,0,1,Calcium nitrate,CaNO32,Ca(NO3)2,2.504,1.896,0.001,164.1,121.2,561,99999,440.49,0xFFFFFF,1,0xFFFFFF,0.9,0xFFFFFF,0,0xFFFFFF,0,0.5,0.15,硝酸カルシウム,硝酸钙,硝酸鈣,질산 칼슘,0,0,0,0,0,1
CaO,Solid,0,1,Calcium oxide,CaO,CaO,3.35,1,0.001,56.08,0,2572,2850,892.036,0xFFFFFF,1,0xFFFFFF,0.9,0xFFFFFF,0,0xFFFFFF,0,0.5,0.15,酸化カルシウム,氧化钙,氧化鈣,산화 칼슘,0,0,0,0,0,1
CaOH2,Solid,0,1,Calcium hydroxide,CaOH2,Ca(OH)2,2.211,1,0.001,74.09,0.18,580,99999,87.5,0xFFFFFF,1,0xFFFFFF,0.9,0xFFFFFF,0,0xFFFFFF,0,0.5,0.15,水酸化カルシウム,氢氧化钙,氫氧化鈣,수산화칼슘,0,2,0,0,0,1
CaSO3,Solid,0,1,Calcium sulfite,CaSO3,CaSO3,1.595,1,0.001,120.17,0,600,999999,1200,0xFFFFFF,1,0xFFFFFF,0.9,0xFFFFFF,0,0xFFFFFF,0,0.5,0.15,亜硫酸カルシウム,亚硫酸钙,亞硫酸鈣,아황산 칼슘,0,0,0,0,0,1
CaSO4,Solid,0,1,Calcium sulfate,CaSO4,CaSO4,2.96,1,0.001,136.1,0.21,1460,99999,440.49,0xFFFFFF,1,0xFFFFFF,0.9,0xFFFFFF,0,0xFFFFFF,0,0.5,0.15,硫酸カルシウム,硫酸钙,硫酸鈣,황산 칼슘,0,0,0,0,0,1
Cl2,Gas,0,1,Chlorine,Cl2,Cl2,2,1,0.0016,70.91,2,-101.5,-34,957,0xFFFFFF,1,0xFFFFFF,0.9,0xBEC767,0.5,0xFFFFFF,0,0.5,0.15,塩素,氯,氯,염소,0,0,0,0,0,1
Co,Solid,0,1,Cobalt,Co,Co,1.9,1,1,80,0,300,140,1000,0xECEDEF,1,0xECEDEF,0.9,0,0,0xECEDEF,1,0.5,0.15,コバルト,钴,鈷,코발트,0,0,0,0,0,2
CO,Gas,0,1,Carbon monoxide,CO,CO,2,1,0.001429,28.01,3.1,-218.79,-182.95,1836.125,0xFFFFFF,1,0xFFFFFF,0.9,0xFFFFFF,0,0xFFFFFF,0,0.5,0.15,一酸化炭素,一氧化碳,一氧化碳,일산화탄소,0,0,0,0,0,1
CO2,Gas,0,1,Carbon dioxide,CO2,CO2,1.562,0.77,0.001977,44.01,0.145,-78,-57,49.954,0xFFFFFF,1,0xFFFFFF,0.9,0xFFFFFF,0,0xFFFFFF,0,0.5,0.15,二酸化炭素,二氧化碳,二氧化碳,이산화탄소,0,0,0,0,0,1
Cr,Solid,0,1,Chrome,Cr,Cr,1.9,1,1,80,0,300,140,1000,0xECEDEF,1,0xECEDEF,0.9,0,0,0xECEDEF,1,0.5,0.15,クロム,铬,鉻,크로뮴,0,0,0,0,0,2
Cs,Solid,0,1,Caesium,Cs,Cs,1.93,1,0.001,132.9,0,28.5,671,242.36,0xF1F1E4,1,0xF1F1E4,0.9,0xFFFFFF,0,0xFFFFFF,0,0.5,0.15,セシウム,铯,銫,세슘,0,0,0,0,0,2
CsBr,Solid,0,0,Caesium bromide,CsBr,CsBr,4.44,1,0.001,212.81,124.3,636,1300,900,0xFFFFFF,1,0xFFFFFF,0.9,0xFFFFFF,0,0xFFFFFF,0,0.5,0.15,臭化セシウム,溴化铯,溴化銫,브롬화 세슘,0,0,0,0,0,1
CsCl,Solid,0,0,Caesium chloride,CsCl,CsCl,3.99,1,0.001,168.36,162,645,1295,33,0xFFFFFF,1,0xFFFFFF,0.9,0xFFFFFF,0,0xFFFFFF,0,0.5,0.15,塩化セシウム,氯化铯,氯化銫,염화 세슘,45,0,0,0,0,1
CsF,Solid,0,0,Caesium fluoride,CsF,CsF,4.115,1,0.001,151.9,367,682,1251,33,0xFFFFFF,1,0xFFFFFF,0.9,0xFFFFFF,0,0xFFFFFF,0,0.5,0.15,フッ化セシウム,氟化铯,氟化銫,플루오르화 세슘,45,0,0,0,0,1
CsOH,Solid,0,0,Caesium hydroxide,CsOH,CsOH,3.675,1,0.001,149.9,300,342.3,99999,466.27,0xFFFFFF,1,0xFFFFFF,0.9,0xFFFFFF,0,0xFFFFFF,0,0.5,0.15,水酸化セシウム,氢氧化铯,氫氧化銫,수산화 세슘,0,1,0,0,0,1
Cu,Solid,0,1,Copper,Cu,Cu,8.94,8.02,0.001,63.55,0,1084.62,2562,400.25,0x9A4A34,1,0xBA5C40,0.9,0xFFFFFF,0,0xFFFFFF,0,0.5,0.15,銅,铜,銅,구리,0,0,0,0,0,2
Cu2O,Solid,0,1,Copper(I) oxide,Cu2O,Cu2O,6.00,8.02,0.001,143.09,0,1232.00,1800,400.25,0x993333,1,0xBA5C40,0.9,0xFFFFFF,0,0xFFFFFF,0,0.5,0.15,銅,铜,銅,구리,0,0,0,0,0,2
Cu2S,Solid,0,1,Copper(I) sulfide,Cu2S,Cu2S,5.6,1,0.001,159.16,0,1100,99999,123,0x4B4B4B,1,0x4B4B4B,0.9,0xFFFFFF,0,0xFFFFFF,0,0.5,0.15,硫化銅（I）,硫化亚铜,硫化亞銅,황화 구리,22,0,0,0,0,1
CuCl2,Solid,0,1,Copper chloride,CuCl2,CuCl2,3.386,2.51,0.001,134.5,75.7,498,993,800.25,0x50B6CA,1,0x50B6CA,0.9,0xFFFFFF,0,0x82D348,0.3,0.5,0.15,塩化銅,氯化铜,氯化銅,염화 구리,0,0,4.5000000000E-09,0,0,1
CuCO3,Solid,0,1,Copper carbonate,CuCO3,CuCO3,3.9,1,0.001,123.55,0,200,300,900,0x70B0A8,1,0x70B0A8,0.9,0xFFFFFF,0,0xFFFFFF,0,0.5,0.15,炭酸銅,碳酸铜,碳酸銅,탄산 구리 ,0,0,0,0,0,1
CuNO32,Solid,0,1,Copper nitrate,CuNO32,Cu(NO3)2,2.32,1.32,0.001,187.56,137.8,256,170,440.49,0x0370C5,1,0x0370C5,0.9,0xFFFFFF,0,0x529F69,0.7,0.5,0.15,硝酸銅,硝酸铜,硝酸銅,질산 구리,0,0,4.5000000000E-09,0,0,1
CuO,Solid,0,1,Copper oxide,CuO,CuO,6.315,1,0.001,79.55,0,1326,2000,940,0x2C2D31,1,0x2C2D31,0.9,0xFFFFFF,0,0xFFFFFF,0,0.5,0.15,酸化銅 ,氧化铜,氧化銅,산화 구리,0,0,0,0,0,2
CuOH2,Solid,0,1,Copper hydroxide,CuOH2,Cu(OH)2,3.368,1,0.001,97.56,0,81,99999,1107,0x20656C,1,0x20656C,0.9,0xFFFFFF,0,0x20656C,0.8,0.5,0.15,水酸化銅,氢氧化铜,氫氧化銅,수산화 구리,0,0,0,0,0,1
CuSO4,Solid,0,1,Copper sulfate,CuSO4,CuSO4,3.603,1,0.001,159.6,30,650,99999,683,0xFFFFFF,1,0xFFFFFF,0.9,0xFFFFFF,0,0x285FFF,0.7,0.5,0.15,硫酸銅,硫酸铜,硫酸銅,황산 구리,0,0,4.5000000000E-09,0,0,1
F2,Gas,0,1,Fluorine,F2,F2,2,1,0.001696,38,0,-219.52,-188.05,1739.1,0xFFFFFF,1,0xFFFFFF,0.9,0xFFFFFF,0,0xA3833F,0.2,0.5,0.15,フッ素,氟,氟,플루오린,0,0,0,0,0,1
Fe,Solid,0,1,Iron,Fe,Fe,7.874,1,0.001,55.85,0,1538,2862,440.49,0x4A4745,1,0x918C88,0.9,0xFFFFFF,0,0xFFFFFF,0,0.5,0.15,鉄,铁,鐵,철,0,0,0,0,0,2
Fe2O3,Solid,0,1,Iron(III) oxide,Fe2O3,Fe2O3,5.242,1,0.001,159.7,0,1566,2862,440.49,0x370107,1,0x370107,0.9,0xFFFFFF,0,0xFFFFFF,0,0.5,0.15,酸化鉄（III）,氧化铁,氧化鐵,산화 철,0,0,0,0,0,2
Fe2SO43,Solid,0,1,Iron(III) sulfate,Fe2SO43,Fe2(SO4)3,3.097,1.097,0.0698,399.9,100,480,9990,440.49,0xFFCC00,1,0xFFCC00,0.9,0xFFFFFF,0,0xFFFFFF,0,0.5,0.15,硫酸鉄（III）,硫酸铁,硫酸鐵,황산 철III,0,0,0,0,7.2000E-03,2
Fe3O4,Solid,0,1,Iron(II III) oxide,Fe3O4,Fe3O4,5.17,1,0.001,231.53,0,1597,99999,440.49,0x38373F,1,0x38373F,0.9,0xFFFFFF,0,0xFFFFFF,0,0.5,0.15,四酸化三鉄,四氧化三铁,四氧化三鐵,산화 철,0,0,0,0,0,2
FeCl2,Solid,0,1,Iron(II) chloride,FeCl2,FeCl2,3.16,1.097,0.0698,126.8,62.5,677,1023,440.49,0x86A863,1,0x86A863,0.9,0xFFFFFF,0,0x86A863,0.4,0.5,0.15,塩化鉄（II）,氯化亚铁,氯化亞鐵,염화 철II,0,0,0,0,2.1000000000000E-12,1
FeCl3,Solid,0,1,Iron(III) chloride,FeCl3,FeCl3,2.898,1.82,0.0698,162.2,74.4,306,315,440.49,0xEBE83B,1,0xEBE83B,0.9,0xFFFFFF,0,0xEBE83B,0.4,0.5,0.15,塩化鉄（III）,氯化铁,氯化鐵,염화 철III,0,0,0,0,3.60000E-04,1
FeNO32,Solid,0,1,Iron(II) nitrate,FeNO32,Fe(NO3)2,1.68,1,0.001,241.86,150,60.5,99999,440.49,0xFFFFFF,1,0xFFFFFF,0.9,0xFFFFFF,0,0x82AB72,0.5,0.5,0.15,硝酸鉄（II）,硝酸亚铁,硝酸亞鐵,질산 철II,0,0,0,0,0,1
FeNO33,Solid,0,1,Iron(III) nitrate,FeNO33,Fe(NO3)3,1.68,1,0.001,241.86,150,47.2,125,440.49,0xFFFFFF,1,0xFFFFFF,0.9,0xFFFFFF,0,0x82AB72,0.5,0.5,0.15,硝酸鉄（III）,硝酸铁,硝酸鐵,질산 철III,0,0,0,0,3.60000E-04,1
FeO,Solid,0,1,Iron(II) oxide,FeO,FeO,5.745,1,0.001,71.84,0,1377,3414,440.49,0x000000,1,0x000000,0.9,0xFFFFFF,0,0xCE643B,0.4,0.5,0.15,酸化鉄（II）,氧化亚铁,氧化亞鐵,산화 철 ,0,0,0,0,0,2
FeOH2,Solid,0,1,Iron(II) hydroxide,FeOH2,Fe(OH)2,3.4,1.698,0.0698,89.86,0,99998,99999,440.49,0x4B3520,1,0x4B3520,0.9,0xFFFFFF,0,0xFFFFFF,0,0.5,0.15,水酸化鉄（II）,氢氧化亚铁,氫氧化亞鐵,수산화 철II,0,2,0,0,0,1
FeOH3,Solid,0,1,Iron(III) hydroxide,FeOH3,Fe(OH)3,4.25,1.698,0.0698,88.85,0,99998,99999,440.49,0x762716,1,0x762716,0.9,0xFFFFFF,0,0xFFFFFF,0,0.5,0.15,水酸化鉄（III）,氢氧化铁,氫氧化鐵,수산화 철III,0,0,0,0,0,1
FeSO4,Solid,0,1,Iron(II) sulfate,FeSO4,FeSO4,1.898,1.698,0.0698,151.9,100,64,90,440.49,0x90D6C0,1,0x90D6C0,0.9,0xFFFFFF,0,0x90D6C0,0.3,0.5,0.15,硫酸鉄（II）,硫酸亚铁,硫酸亞鐵,황산 철II,0,0,0,0,2.1000000000000E-12,1
H2,Gas,0,1,Hydrogen,H2,H2,2,1,0.00008988,2.02,0,-259.14,-252.9,14418,0xFFFFFF,1,0xFFFFFF,0.9,0xFFFFFF,0,0xFFFFFF,0,0.5,0.15,水素,氢,氫,수소,0,0,0,0,0,1
H2O2,Liquid,0,1,Hydrogen peroxide,H2O2,H2O2,1.71,1.463,0.001,34.01,99999,-0.43,150.2,1000,0xFFFFFF,0.1,0xFFFFFF,0.12,0xFFFFFF,0,0xFFFFFF,0,0.5,0.15,過酸化水素,过氧化氢,過氧化氫,과산화수소,0,0,0,0,0,1
H2S,Gas,0,1,Hydrogen sulfide,H2S,H2S,2,1.917,0.001363,34.08,4,-82,-60,4120,0xFFFFFF,1,0xFFFFFF,0.9,0xFFFFFF,0,0xFFFFFF,0,0.5,0.15,硫化水素,硫化氢,硫化氫,황화수소,0,0,0,0,1.30000000E-07,1
SO3,Solution,4,1,Sulfur trioxide,SO3,SO3,2,1.92,0.0012,80.07,0,16.9,45,607.1,0xFFFFFF,1,0xFFFFFF,0.12,0xFFFFFF,0,0xFFFFFF,0,0.5,0.15,三酸化硫黄,三氧化硫,三氧化硫,삼산화황,0,0,0,0,0,1
HNO3,Solution,4,1,Nitric acid,HNO3,HNO3,2.165,1.097,0.0698,63.01,99999,-42,83,146,0xFFFFFF,1,0xFFFFFF,0.12,0xFFFFFF,0,0xFFFFFF,0,0.5,0.15,硝酸,硝酸,硝酸,질산,0,0,0,1,0,1
H2SO3,Solution,4,1,Sulfurous acid,H2SO3,H2SO3,2,1.84,0.001,82.07,99999,10,337,1420,0xFFFFFF,1,0xFFFFFF,0.12,0xFFFFFF,0,0xFFFFFF,0.06,0.5,0.15,亜硫酸,亚硫酸,亞硫酸,아황산,10,0,0,0,1.4100E-02,1
H2SO4,Solution,4,1,Sulfuric acid,H2SO4,H2SO4,2,1.84,0.001,98.08,99999,10,337,1420,0xFFFFFF,1,0xFFFFFF,0.12,0xFFFFFF,0,0xFFFFFF,0.06,0.5,0.15,硫酸,硫酸,硫酸,황산,3000,0,0,2,0,1
H3PO4,Solid,0,1,Phosphoric acid,H3PO4,H3PO4,2.03,1.885,0.001,98,5.48,42.35,158,440.49,0xFFFFFF,1,0xFFFFFF,0.9,0xFFFFFF,0,0xFFFFFF,0,0.5,0.15,リン酸,磷酸,磷酸,인산,0,0,0,0,6.9000E-03,1
HCl,Solution,4,1,Hydrogen chloride,HCl,HCl,2,1,0.00149,36.46,720,-112,85,600,0xFFFFFF,1,0xFFFFFF,0.12,0xFFFFFF,0,0xFFFFFF,0,0.5,0.15,塩化水素,盐酸,鹽酸,염화수소,0,0,0,1,0,1
He,Gas,0,1,Helium,He,He,2,1,0.0001785,4.003,0,-272,-268,519.5,0xFFFFFF,1,0xFFFFFF,0.9,0xFFFFFF,0,0xFFFFFF,0,0.5,0.15,ヘリウム,氦,氦,헬륨,0,0,0,0,0,1
HF,Solution,4,1,Hydrogen fluoride,HF,HF,2,0.99,0.0015,20.01,99999,-83.6,1091,1023.41,0xFFFFFF,1,0xFFFFFF,0.12,0xFFFFFF,0,0xFFFFFF,0,0.5,0.15,フッ化水素,氟化氢,氟化氫,플루오르화 수소,0,0,0,0,3.50000E-04,1
HBr,Gas,0,1,Hydrogen bromide,HBr,HBr,2,0.99,0.0036,80.91,193,-86.9,-66.8,1023.41,0xFFFFFF,1,0xFFFFFF,0.12,0xFFFFFF,0,0xFFFFFF,0,0.5,0.15,フッ化水素,氟化氢,氟化氫,플루오르화 수소,0,0,0,0,3.50000E-04,1
Hg,Liquid,0,1,Mercury,Hg,Hg,2,13.534,0.001,200.6,0,-38.83,356.73,139.5,0xFFFFFF,1,0xF0F0F0,0.9,0xFFFFFF,0,0xFFFFFF,0,0.5,0.15,マーキュリー,水银,水銀,수은,0,0,0,0,0,1
HgNO32,Solid,0,1,Mercury nitrate,HgNO32,Hg(NO3)2,4.3,2.32,0.001,324.6,100,79,99999,440.49,0xFFFFFF,1,0xFFFFFF,0.9,0xFFFFFF,0,0xFFFFFF,0,0.5,0.15,硝酸水銀,硝酸汞,硝酸汞,질산 수은,0,0,3.1000E-03,0,0,1
HgO,Solid,0,1,Mercury oxide,HgO,HgO,11.4,1,0.001,216.6,0,99999,99999,139.5,0xFFFFFF,1,0xFFFFFF,0.9,0xFFFFFF,0,0xFFFFFF,0,0.5,0.15,酸化水銀,氧化汞,氧化汞,산화 수은,0,0,0,0,0,2
I2,Solid,0,1,Iodine,I2,I2,4.933,4.033,0.013,253.8,0,113.7,184.3,429,0x343A30,1,0x343A30,0.9,0x9D4075,0,0xFFFFFF,0,0.5,0.15,ヨウ素,碘,碘,요오드,0,0,0,0,0,1
K,Solid,0,1,Potassium,K,K,0.862,0.828,0.08,39.1,0,63.38,759,757.03,0xFFFFFF,1,0xFFFFFF,0.9,0xE79ACF,0,0xFFFFFF,0,0.5,0.15,カリウム,钾,鉀,칼륨,0,0,0,0,0,2
K2MnO4,Solid,0,1,Potassium manganate,K2MnO4,K2MnO4,1.5,1,0.001,197.1,0,190,99999,2000,0x003333,1,0x003333,0.9,0xFFFFFF,0,0xFFFFFF,0,0.5,0.15,マンガン酸カリウム,锰酸钾,錳酸鉀,망간산 칼륨,0,0,0,0,0,1
K2O,Solid,0,1,Potassium oxide,K2O,K2O,2.35,1,0.001,94.2,0,350,99999,1,0xDDDDDD,1,0xDDDDDD,0.9,0xFFFFFF,0,0xFFFFFF,0,0.5,0.15,酸化カリウム,氧化钾,氧化鉀,산화 칼륨,1,0,0,0,0,2
K2SO4,Solid,0,1,Potassium sulfate,K2SO4,K2SO4,2.664,1,0.001,174.3,120,1069,1089,389.57,0xFFFFFF,1,0xFFFFFF,0.9,0xFFFFFF,0,0xFFFFFF,0,0.5,0.15,硫酸カリウム,硫酸钾,硫酸鉀,황산 칼륨,0,0,0,0,0,1
KBr,Solid,0,0,Potassium bromide,KBr,KBr,1.984,1,0.001,119,67,734,1435,966.035,0xFFFFFF,1,0xFFFFFF,0.9,0xFFFFFF,0,0xFFFFFF,0,0.5,0.15,臭化カリウム,溴化钾,溴化鉀,염화칼륨,0,0,0,0,0,1
KCl,Solid,0,1,Potassium chloride,KCl,KCl,1.984,1,0.001,74.55,344,770,1420,966.035,0xFFFFFF,1,0xFFFFFF,0.9,0xFFFFFF,0,0xFFFFFF,0,0.5,0.15,塩化カリウム,氯化钾,氯化鉀,염화칼륨,0,0,0,0,0,1
KClO3,Solid,0,1,Potassium chlorate,KClO3,KClO3,2.34,1.34,0.0698,122.6,0.88,356,400,440.49,0xAAAAAA,1,0xAAAAAA,0.9,0xFFFFFF,0,0xFFFFFF,0,0.5,0.15,塩素酸カリウム,氯酸钾,氯酸鉀,염소산 칼륨,0,0,0,0,0,1
KH,Solid,0,1,Potassium hydride,KH,KH,1.47,1,0.001,40.1062,0,99,316,623,0xFFFFFF,1,0xFFFFFF,0.9,0xFFFFFF,0,0xFFFFFF,0,0.5,0.15,水素化カリウム,氢化钾,氫化鉀,수소화 칼륨,0,0,0,0,0,1
KI,Solid,0,1,Potassium iodide,KI,KI,3.123,1,0.001,166,140,681,1330,700,0xFFFFFFF,1,0xFFFFFFF,0.9,0xFFFFFF,0,0xFFFFFF,0,0.5,0.15,ヨウ化カリウム,碘化钾,碘化鉀,요오드화 칼륨,0,0,0,0,0,1
KMnO4,Solid,0,1,Potassium permanganate,KMnO4,KMnO4,2.7,1,0.001,158,6.38,240,99999,3581.6,0x4A455A,1,0x4A455A,0.9,0xFFFFFF,0,0xF242F3,0.5,0.5,0.15,過マンガン酸カリウム,高锰酸钾,高錳酸鉀,과망간산 칼륨,0,0,0,0,0,1
KNO3,Solid,0,1,Potassium nitrate,KNO3,KNO3,2.11,2.32,0.001,101.1,316,334,400,440.49,0xFFFFFF,1,0xFFFFFF,0.9,0xFFFFFF,0,0xFFFFFF,0,0.5,0.15,硝酸カリウム,硝酸钾,硝酸鉀,질산 칼륨,0,0,0,0,0,1
KOH,Solid,0,1,Potassium hydroxide,KOH,KOH,2.044,1,0.001,56.11,121,360,1327,966.035,0xFFFFFF,1,0xFFFFFF,0.9,0xFFFFFF,0,0xFFFFFF,0,0.5,0.15,水酸化カリウム,氢氧化钾,氫氧化鉀,수산화 칼륨,0,1,0,0,0,1
Li,Solid,0,1,Lithium,Li,Li,0.534,1,0.001,6.941,0,180.54,1342,3581.6,0xEAF0EE,1,0xEAF0EE,0.9,0xFFFFFF,0,0xFFFFFF,0,0.5,0.15,リチウム,锂,鋰,리튬,0,0,0,0,0,2
Li2O,Solid,0,1,Lithium oxide,Li2O,Li2O,2.013,1,0.001,29.88,0,1438,9999,966.035,0xFFFFFF,1,0xFFFFFF,0.9,0xFFFFFF,0,0xFFFFFF,0,0.5,0.15,酸化リチウム,氧化锂,氧化鋰,산화 리튬,0,0,0,0,0,2
Li3N,Solid,0,1,Lithium nitride,Li3N,Li3N,1.27,1,0.001,34.83,0,813,999999,1200,0xCC3173,1,0xCC3173,0.9,0xFFFFFF,0,0xFFFFFF,0,0.5,0.15,窒化リチウム,氮化锂,氮化鋰,질화 리튬,0,0,0,0,0,1
LiOH,Solid,0,1,Lithium hydroxide,LiOH,LiOH,1.46,1,0.001,23.95,12.8,462,924,86,0xFFFFFF,1,0xFFFFFF,0.9,0xFFFFFF,0,0xFFFFFF,0,0.5,0.15,水酸化リチウム,氢氧化锂,氫氧化鋰,수산화 리튬,0,1,0,0,0,1
Mg,Solid,0,1,Magnesium,Mg,Mg,1.738,0.927,0.001,24.31,0,650,1091,300,0x484A45,1,0x6A6D66,0.9,0xFFFFFF,0,0xFFFFFF,0,0.5,0.15,マグネシウム,镁,鎂,마그네슘,0,0,0,0,0,2
Mg3N2,Solid,0,1,Magnesium nitride,Mg3N2,Mg3N2,2.71,1,0.01,100.95,0,999,9999,400,0xDEEB7F,1,0xDEEB7F,0.9,0xFFFFFF,0,0xFFFFFF,0,0.5,0.15,窒化マグネシウム,氮化镁,氮化鎂,질화 마그네슘,0,0,0,0,0,1
MgCl2,Solid,0,1,Magnesium chloride,MgCl2,MgCl2,2.32,1,0.001,95.21,54.3,714,1412,600,0xFFFFFF,1,0xFFFFFF,0.9,0xFFFFFF,0,0xFFFFFF,0,0.5,0.15,塩化マグネシウム,氯化镁,氯化鎂,염화 마그네슘,0,0,1.800000000000000000E-17,0,0,1
MgNO32,Solid,0,1,Magnesium nitrate,MgNO32,Mg(NO3)2,2.3,1.46,0.001,148.3,125,129,330,440.49,0xFFFFFF,1,0xFFFFFF,0.9,0xFFFFFF,0,0xFFFFFF,0,0.5,0.15,硝酸マグネシウム,硝酸镁,硝酸鎂,질산 마그네슘,0,0,1.800000000000000000E-17,0,0,1
MgO,Solid,0,1,Magnesium oxide,MgO,MgO,3.58,0.927,0.001,40.3,0,850,1091,1023.41,0x4C4E49,1,0x6A6D66,0.9,0xFFFFFF,0,0xFFFFFF,0,0.5,0.15,酸化マグネシウム,氧化镁,氧化鎂,산화 마그네슘,0,0,0,0,0,2
MgOH2,Solid,0,1,Magnesium hydroxide,MgOH2,Mg(OH)2,2.34,1,0.001,58.32,0,350,99999,1000,0xFFFFFF,1,0xFFFFFF,0.9,0xFFFFFF,0,0xFFFFFF,0,0.5,0.15,水酸化マグネシウム,氢氧化镁,氫氧化鎂,수산화 마그네슘,0,2,0,0,0,1
MgSO4,Solid,0,1,Magnesium sulfate,MgSO4,MgSO4,2.66,1,0.001,120.4,255,1124,99999,389.57,0xECEDEF,1,0xECEDEF,0.9,0xFFFFFF,0,0xECEDEF,0,0.5,0.15,硫酸マグネシウム,硫酸镁,硫酸鎂,황산 마그네슘,0,0,1.800000000000000000E-17,0,0,1
Green,Liquid,0,1,Green,Green,Green,1.9,1.2,1.1,100,100,0,140,1000,0xF0F0F0,0.3,0xA5D455,0.9,0xF0F0F0,0,0,0,0.5,0.15,緑,绿色,綠色,녹색,0,0,0,0,0,1
Mint,Liquid,0,1,Mint,Mint,Mint,1.9,1.2,1.1,100,0,0,140,1000,0xF0F0F0,0.3,0x5AE2C6,0.9,0xF0F0F0,0,0,0,0.5,0.15,ミント,薄荷色,薄荷色,박하,0,0,0,0,0,1
Mn,Solid,0,1,Manganese,Mn,Mn,7.21,5.95,0.001,54.94,0,1246,2061,429,0xCAC6C3,1,0xCAC6C3,0.9,0xFFFFFF,0,0xFFFFFF,0,0.5,0.15,マンガン,锰,錳,망간,0,0,0,0,0,2
MnCl2,Solid,0,1,Manganese(II) chloride,MnCl2,MnCl2,2.98,1,0.001,125.8,600,654,1225,1581.6,0xFDC4D3,1,0xFDC4D3,0.9,0xFFFFFF,0,0xFDC4D3,0.3,0.5,0.15,塩化マンガン（II）,氯化锰,氯化錳,염화 망간,0,0,5.30000000000000000E-16,0,0,1
MnNO32,Solid,0,1,Manganese(II) nitrate,MnNO32,Mn(NO3)2,1.536,1,0.001,178.95,0,37,129,440.49,0xFFFFFF,1,0xFFFFFF,0.9,0xFFFFFF,0,0xFFFFFF,0,0.5,0.15,硝酸マンガン（II）,硝酸锰,硝酸錳,질산 망간,0,0,0,0,0,1
MnO2,Solid,0,1,Manganese dioxide,MnO2,MnO2,5.026,1,0.001,86.93,0,535,99999,3581.6,0x000000,1,0x000000,0.9,0xFFFFFF,0,0xFFFFFF,0,0.5,0.15,二酸化マンガン,二氧化锰,二氧化錳,이산화 망간,0,0,0,0,0,2
MnSO4,Solid,0,1,Manganese(II) sulfate,MnSO2,MnSO2,3.250,1,0.001,151.00,70,710,850,900.0,0x000000,1,0x000000,0.9,0xFFFFFF,0,0xE3B5B5,0,0.5,0.15,二酸化マンガン,二氧化锰,二氧化錳,이산화 망간,0,0,0,0,0,2
N2,Gas,0,1,Nitrogen,N2,N2,2,1,0.001251,28.01,0,-210,-195.8,2080.285,0xFFFFFF,1,0xFFFFFF,0.9,0xFFFFFF,0,0xFFFFFF,0,0.5,0.15,窒素,氮,氮,질소,0,0,0,0,0,1
N2O,Gas,0,1,Nitrous oxide,N2O,N2O,2,1,0.001977,44.01,0.15,-90.86,-88.48,1200,0xFFFFFF,1,0xFFFFFF,0.9,0xFFFFFF,0,0xFFFFFF,0,0.5,0.15,亜酸化窒素,笑气,笑氣,아산화 질소,0,0,0,0,0,1
Na,Solid,0,1,Sodium,Na,Na,0.968,0.927,0.001,22.99,0,97.72,883,1227.39,0xB8BAB5,1,0xB8BAB5,0.9,0xFFFFFF,0,0xFFFFFF,0,0.5,0.15,ナトリウム,钠,鈉,나트륨,0,0,0,0,0,2
Na2CO3,Solid,0,1,Sodium carbonate,Na2CO3,Na2CO3,2.54,1,0.001,106,350,851,1633,683,0xFFFFFF,1,0xFFFFFF,0.9,0xFFFFFF,0,0xFFFFFF,0,0.5,0.15,炭酸ナトリウム,纯碱,純鹼,탄산나트륨,0,0,1.80000E-04,0,0,1
Na2O,Solid,0,1,Sodium oxide,Na2O,Na2O,2.27,1,0.001,61.98,0,1132,1950,900,0xFFFFFF,1,0xFFFFFF,0.9,0xFFFFFF,0,0xFFFFFF,0,0.5,0.15,酸化ナトリウム,氧化钠,氧化鈉,산화 나트륨,0,0,0,0,0,2
Na2O2,Solid,0,1,Sodium peroxide,Na2O2,Na2O2,2.805,1.03,0.001,77.98,0,460,657,1000,0xF4F8AC,1,0xF4F8AC,0.9,0xFFFFFF,0,0xFFFFFF,0,0.5,0.15,過酸化ナトリウム,过氧化钠,過氧化鈉,과산화 나트륨,0,0,0,0,0,2
Na2SO3,Solid,0,1,Sodium sulfite,Na2SO3,Na2SO3,2.633,1,0.001,126.04,27,500,999999,389.57,0xFFFFFF,1,0xFFFFFF,0.9,0xFFFFFF,0,0xFFFFFF,0,0.5,0.15,硫酸ナトリウム,硫酸钠,硫酸鈉,황산 나트륨,0,0,0,0,0,1
Na2SO4,Solid,0,1,Sodium sulfate,Na2SO4,Na2SO4,2.664,1,0.001,142,90,884,1429,389.57,0xFFFFFF,1,0xFFFFFF,0.9,0xFFFFFF,0,0xFFFFFF,0,0.5,0.15,硫酸ナトリウム,硫酸钠,硫酸鈉,황산 나트륨,0,0,0,0,0,1
NaAlO2,Solid,0,1,Sodium aluminate,NaAlO2,NaAlO2,1.5,1.1,0.001,81.97,22,1650,99999,1023.41,0xFFFFFF,1,0xFFFFFF,0.9,0xFFFFFF,0,0xFFFFFF,0,0.5,0.15,アルミン酸ナトリウム,铝酸钠,鋁酸鈉,알루 민산 나트륨,0,0,0,0,4.6000E-03,1
NaC2H3O2,Solid,0,1,Sodium acetate,NaC2H3O2,NaC2H3O2,1.528,1,0.001,82.03,123,324,881.4,966.035,0xFFFFFF,1,0xFFFFFF,0.9,0xFFFFFF,0,0xFFFFFF,0.06,0.5,0.15,酢酸ナトリウム,醋酸钠,醋酸鈉,아세트산 나트륨,0,0,0,0,0,1
NaCl,Solid,0,1,Sodium chloride,NaCl,NaCl,2.165,1.097,0.0698,58.44,35.9,801,1413,36.79,0xFFFFFF,1,0xFFFFFF,0.9,0xFFFFFF,0,0xFFFFFF,0,0.5,0.15,塩化ナトリウム,氯化钠,氯化鈉,염화나트륨,0,0,0,0,0,1
NaBr,Solid,0,1,Sodium bromide,NaBr,NaBr,3.210,1.097,0.0698,102.89,94.3,747,1390,800.00,0xFFFFFF,1,0xFFFFFF,0.9,0xFFFFFF,0,0xFFFFFF,0,0.5,0.15,塩化ナトリウム,氯化钠,氯化鈉,염화나트륨,0,0,0,0,0,1
NaHCO3,Solid,0,1,Sodium bicarbonate,NaHCO3,NaHCO3,2.2,2,0.001,84,9,999999,9999999,700,0xFFFFFF,1,0xFFFFFF,0.9,0xFFFFFF,0,0xFFFFFF,0,0.5,0.15,重炭酸ナトリウム,碳酸氢钠,碳酸氫鈉,탄산수소 나트륨,0,0,0,0,0,1
NaHSO4,Solid,0,1,Sodium bisulfate,NaHSO4,NaHSO4,2.742,1,0.001,120.1,75,215,315,1000,0xFFFFFF,1,0xFFFFFF,0.9,0xFFFFFF,0,0xFFFFFF,0,0.5,0.15,重硫酸ナトリウム,硫酸氢钠,硫酸氫鈉,황산수소 나트륨,0,0,0,1,0,1
NaNO3,Solid,0,1,Sodium nitrate,NaNO3,NaNO3,2.257,1.896,0.001,85,91.2,308,380,440.49,0xFFFFFF,1,0xFFFFFF,0.9,0xFFFFFF,0,0xFFFFFF,0,0.5,0.15,硝酸ナトリウム,硝酸钠,硝酸鈉,질산 나트륨,0,0,0,0,0,1
NaOH,Solid,0,1,Sodium hydroxide,NaOH,NaOH,1.03,1,0.001,40,111000,318,1388,1000,0xFFFFFF,1,0xFFFFFF,0.9,0xFFFFFF,0,0xFFFFFF,0,0.5,0.15,水酸化ナトリウム,氢氧化钠,氫氧化鈉,수산화 나트륨,0,1,0,0,0,1
Ne,Gas,0,1,Neon,Ne,Ne,2,1,0.0009,20.18,0,-248.59,-246.08,1030.045,0xFFFFFF,1,0xFFFFFF,0.9,0xFFFFFF,0,0xFFFFFF,0,0.5,0.15,ネオン,氖,氖,네온,0,0,0,0,0,1
NH3,Gas,0,1,Ammonia,NH3,NH3,0.817,0.6819,0.00073,17.03,999999,-77.73,-33.34,900,0xFFFFFF,0.5,0xFFFFFF,0.9,0xFFFFFF,0,0xFFFFFF,0,0.5,0.15,アンモニア,氨,氨,암모니아,0,0,0,0,0,1
NH4OH,Solution,0,1,Ammonium hydroxide,NH3,NH4OH,0.910,0.6819,0.00073,35.04,999999,-57.50,37.70,900,0xFFFFFF,0.5,0xFFFFFF,0.12,0xFFFFFF,0,0xFFFFFF,0,0.5,0.15,アンモニア,氨,氨,암모니아,0,0,0,0,0,1
NH42SO4,Solid,0,1,Ammonium sulfate,NH42SO4,(NH4)2SO4,1.769,1,0.001,132.14,74.4,235,999999,1200,0xFFFFFF,1,0xFFFFFF,0.9,0xFFFFFF,0,0xFFFFFF,0,0.5,0.15,硫酸アンモニウム,硫酸铵,硫酸銨,황산 암모늄,0,0,0,0,0,1
NH42CO3,Solid,0,1,Ammonium carbonate,NH42CO3,(NH4)2CO3,1.500,1,0.001,96.09,99999.0,58,999999,999,0xFFFFFF,1,0xFFFFFF,0.9,0xFFFFFF,0,0xFFFFFF,0,0.5,0.15,硫酸アンモニウム,硫酸铵,硫酸銨,황산 암모늄,0,0,0,0,0,1
NH4Cl,Solid,0,1,Ammonium chloride,NH4Cl,NH4Cl,1.53,1,0.001,17.03,37.2,338,520,1700,0xFFFFFF,1,0xFFFFFF,0.9,0xFFFFFF,0,0xFFFFFF,0,0.5,0.15,塩化アンモニウム,氯化铵,氯化銨,염화 암모늄,0,0,0,0,0,1
NH4NO3,Solid,0,1,Ammonium nitrate,NH4NO3,NH4NO3,1.725,1,0.001,80.05,150,169.6,210,1200,0xE1E8EE,1,0xE1E8EE,0.9,0xFFFFFF,0,0xFFFFFF,0,0.5,0.15,硝酸アンモニウム,硝酸铵,硝酸銨,질산 암모늄,-50,0,0,0,0,1
Ni,Solid,0,1,Nickel,Ni,Ni,8.900,7.81,0.001,58.69,0,1455.0,2730,448,0x626262,1,0x626262,0.9,0xFFFFFF,0,0xFFFFFF,0,0.5,0.15,ニッケル,镍,鎳,니켈,0,0,0,0,0,2
NI3,Solid,0,1,Nitrogen triiodide,NI3,NI3,1.5,1,0.001,394.72,0,200,999999,440,0x571721,1,0x571721,0.9,0xFFFFFF,0,0xFFFFFF,0,0.5,0.15,三ヨウ化窒素,三碘化氮,三碘化氮,요오드화 질소,0,0,0,0,0,1
NO,Gas,0,1,Nitric oxide,NO,NO,1.562,1.3,0.00134,30.01,74,-164,-152,49.954,0xFFFFFF,1,0xFFFFFF,0.9,0xFFFFFF,0,0xFFFFFF,0,0.5,0.15,酸化窒素,一氧化氮,一氧化氮,일산화 질소,0,0,0,0,0,1
NO2,Gas,0,1,Nitrogen dioxide,NO2,NO2,1.562,1.443,0.0034,46,0,-11.2,21,49.954,0xFFFFFF,1,0xFFFFFF,0.9,0xA35A0B,0.5,0xFFFFFF,0,0.5,0.15,二酸化窒素,二氧化氮,二氧化氮,이산화질소,0,0,0,0,0,1
O2,Gas,0,1,Oxygen,O2,O2,2,1,0.001429,32,1.1,-218.79,-182.95,1836.125,0xFFFFFF,1,0xFFFFFF,0.9,0xFFFFFF,0,0xFFFFFF,0,0.5,0.15,酸素,氧,氧,산소,0,0,0,0,0,1
O3,Gas,0,1,Ozone,O3,O3,2,1,0.002114,48,0,-192.2,-112,900,0xFFFFFF,1,0xFFFFFF,0.9,0x0099FF,0.3,0xFFFFFF,0,0.5,0.15,オゾン,臭氧,臭氧,오존,0,0,0,0,0,1
P,Solid,0,1,Phosphorus,P,P,1.823,1.8,0.001,30.97,0,44.2,280,769.3,0xFFFFFF,1,0xFFFFFF,0.9,0xFFFFFF,0,0xFFFFFF,0,0.5,0.15,リン,磷,磷,인,0,0,0,0,0,1
P2O5,Solid,0,1,Phosphorus pentoxide,P2O5,P2O5,2.39,2.2,0.001,142,0,340,360,900,0xFFFFFF,1,0xFFFFFF,0.9,0xFFFFFF,0,0xFFFFFF,0,0.5,0.15,五酸化リン,五氧化二磷,五氧化二磷,오산화인,0,0,0,0,0,1
Pb,Solid,0,1,Lead,Pb,Pb,11.34,10.66,0.001,207.2,0,327.46,1749,128,0x575759,1,0x89898C,0.9,0xFFFFFF,0,0xFFFFFF,0,0.5,0.15,鉛,铅,鉛,납,0,0,0,0,0,2
PbCl2,Solid,0,1,Lead chloride,PbCl2,PbCl2,5.85,5.45,0.001,278.1,0.45,501,950,950,0xFFFFFF,1,0xFFFFFF,0.8,0xFFFFFF,0,0xFFFFFF,0,0.5,0.15,塩化鉛,氯化铅,氯化鉛,염화 납,0,0,0,0,0,1
PbF2,Solid,0,0,Lead fluoride,PbF2,PbF2,7.75,1,0.001,245.2,0.064,824,1293,950,0xFFFFFF,1,0xFFFFFF,0.8,0xFFFFFF,0,0xFFFFFF,0,0.5,0.15,フッ化鉛,氟化铅,氟化鉛,플루오르화 납,0,0,0,0,0,1
PbI2,Solid,0,0,Lead iodide,PbI2,PbI2,6.16,1,0.001,461.01,0,402,872,700,0xFED710,1,0xFED710,0.8,0xFFFFFF,0,0xFFFFFF,0,0.5,0.15,ヨウ化鉛,碘化铅,碘化鉛,요오드화 납,0,0,0,0,0,1
PbNO32,Solid,0,1,Lead nitrate,PbNO32,Pb(NO3)2,4.53,1,0.001,331.2,52,270,999999,950,0xFFFFFF,1,0xFFFFFF,0.8,0xFFFFFF,0,0xFFFFFF,0,0.5,0.15,硝酸鉛,硝酸铅,硝酸鉛,질산 납,0,0,0,0,0,1
PbO,Solid,0,1,Lead oxide,PbO,PbO,11.34,10.66,0.001,223.2,0,888,1477,1050,0xEEDBA2,1,0xEEDBA2,0.9,0xFFFFFF,0,0xFFFFFF,0,0.5,0.15,一酸化鉛,氧化铅,氧化鉛,산화 납,0,0,0,0,0,2
PbO2,Solid,0,1,Lead dioxide,PbO2,PbO2,9.38,1,0.001,239.2,0,290,999999,950,0x000000,1,0x000000,0.8,0xFFFFFF,0,0xFFFFFF,0,0.5,0.15,二酸化鉛,二氧化铅,二氧化鉛,이산화 납,0,0,0,0,0,2
PbSO4,Solid,0,1,Lead sulfate,PbSO4,PbSO4,6.29,1,0.001,303.3,0,1087,999999,950,0xFFFFFF,1,0xFFFFFF,0.8,0xFFFFFF,0,0xFFFFFF,0,0.5,0.15,硫酸鉛,硫酸铅,硫酸鉛,황산 납,0,0,0,0,0,1
Pt,Solid,0,1,Platinum,Pt,Pt,21.45,19.77,0.001,195.08,0,1768.3,3825,500,0xE3E5DD,1.5,0xE3E5DD,0.8,0xFFFFFF,0,0xFFFFFF,0,0.5,0.15,白金,铂金,鉑金,백금,0,0,0,0,0,2
Blue,Liquid,0,1,Blue,Blue,Blue,1.9,2,1.1,100,0,0,140,1000,0xF0F0F0,0.3,0x66CCFF,0.9,0xF0F0F0,0,0,0,0.5,0.15,青,蓝色,藍色,푸른,0,0,0,0,0,1
Purple,Liquid,0,1,Purple,Purple,Purple,1.9,1.5,1.1,100,0,0,140,1000,0xF0F0F0,0.3,0x9047B2,0.9,0xF0F0F0,0,0,0,0.5,0.15,パープル,紫色,紫色,보라색,0,0,0,0,0,1
S,Solid,0,1,Sulfur,S,S,1.96,1.819,0.001,32.07,0,115.2,444.6,340,0xF0EA94,1,0xF0EA94,0.9,0xFFFFFF,0,0xFFFFFF,0,0.5,0.15,硫黄,硫,硫,황,0,0,0,0,0,1
Si,Solid,0,1,Silicon,Si,Si,2.33,1,0.001,28,0,1410,2355,4120,0xFFFFFF,0.7,0xFFFFFF,0.9,0xFFFFFF,0,0xFFFFFF,0,0.5,0.15,ケイ素,硅,矽,규소,0,0,0,0,0,1
SO2,Gas,0,1,Sulfur dioxide,SO2,SO2,2,1.46,0.002551,64.07,9.4,-75,-10,607.1,0xFFFFFF,1,0xFFFFFF,0.9,0xFFFFFF,0,0xFFFFFF,0,0.5,0.15,二酸化硫黄,二氧化硫,二氧化硫,이산화황,0,0,0,0,0,1
Yellow,Liquid,0,1,Yellow,Yellow,Yellow,1.9,1.2,1.1,100,0,0,140,1000,0xF0F0F0,0.3,0xC5A14E,0.9,0xF0F0F0,0,0,0,0.5,0.15,黄,黄色,黃色,황색,0,0,0,0,0,1
Zn,Solid,0,1,Zinc,Zn,Zn,7.14,1,0.001,65.38,0,419.53,907,389.57,0xECEDEF,1,0xECEDEF,0.9,0xFFFFFF,0,0xFFFFFF,0,0.5,0.15,亜鉛,锌,鋅,아연,0,0,0,0,0,2
ZnCl2,Solid,0,1,Zinc chloride,ZnCl2,ZnCl2,2.907,1,0.001,136.3,430,292,756,389.57,0xFFFFFF,1,0xFFFFFF,0.9,0xFFFFFF,0,0xFFFFFF,0,0.5,0.15,塩化亜鉛,氯化锌,氯化鋅,염화 아연,0,0,3.3000000000000E-12,0,0,1
ZnNO32,Solid,0,1,Zinc nitrate,ZnNO32,Zn(NO3)2,2.065,2.065,0.001,189.36,184,110,125,440.49,0xFFFFFF,1,0xFFFFFF,0.9,0xFFFFFF,0,0xFFFFFF,0,0.5,0.15,硝酸亜鉛,硝酸锌,硝酸鋅,질산 아연,0,0,3.3000000000000E-12,0,0,1
ZnO2,Solid,0,1,Zinc peroxide,ZnO2,ZnO2,1.57,1.57,0.001,97.41,0,212,999999,947.3,0xFFEDBC,1,0xFFEDBC,0.9,0xFFFFFF,0,0xFFFFFF,0,0.5,0.15,過酸化亜鉛,过氧化锌,過氧化鋅,과산화 아연,0,0,0,0,0,2
ZnS,Solid,0,0,Zinc sulfide,ZnS,ZnS,4.09,1,0.001,97.47,0,1085,999999,389.57,0xFFFFFF,1,0xFFFFFF,0.9,0xFFFFFF,0,0xFFFFFF,0,0.5,0.15,硫化亜鉛,硫化锌,硫化鋅,황화 아연,0,0,0,0,0,1
ZnSO4,Solid,0,1,Zinc sulfate,ZnSO4,ZnSO4,3.54,1,0.001,161.5,40,100,280,389.57,0xECEDEF,1,0xECEDEF,0.9,0xFFFFFF,0,0xECEDEF,0,0.5,0.15,硫酸亜鉛,硫酸锌,硫酸鋅,황산 아연,0,0,0,0,0,1
White,Liquid,0,1,White,White,White,1.2,2,1.1,100,0,0,140,1000,0xF0F0F0,0.3,0xFFFFFF,0.9,0xF0F0F0,0,0,0,0.5,0.15,白,白色,白色,흰,0,0,0,0,0,1
Orange,Liquid,0,1,Orange,Orange,Orange,1.2,2,1.1,100,0,0,140,1000,0xF0F0F0,0.3,0xFF8710,0.9,0xF0F0F0,0,0,0,0.5,0.15,オレンジ,橘色,橘色,오렌지,0,0,0,0,0,1Na2CO3,Solid,0,1,Sodium carbonate,Na2CO3,Na2CO3,2.54,1,0.001,105.99,22,851,1600,235,0xFFFFFF,1,0xFFFFFF,0.9,0xFFFFFF,0,0xFFFFFF,0,0.5,0.15,ソーダ,碳酸钠,碳酸鈉,탄산나트륨,0,0,0,0,0,1
NaHCO3,Solid,0,1,Sodium bicarbonate,NaHCO3,NaHCO3,2.2,1,0.001,84.01,100,-300,-200,235,0xFFFFFF,1,0xFFFFFF,0.9,0xFFFFFF,0,0xFFFFFF,0,0.5,0.15,重曹,碳酸氢钠,碳酸氫鈉,중조,0,0,0,0,0,1
CaCO3,Solid,0,1,Calcium carbonate,CaCO3,CaCO3,2.71,1,0.001,100.09,0,825,99999,235,0xFFFFFF,1,0xFFFFFF,0.9,0xFFFFFF,0,0xFFFFFF,0,0.5,0.15,石灰石,石灰石,石灰石,탄산칼슘,0,0,0,0,0,1
CaO,Solid,0,1,Calcium oxide,CaO,CaO,3.34,1,0.001,56.08,0,2572,2850,235,0xFFFFFF,1,0xFFFFFF,0.9,0xFFFFFF,0,0xFFFFFF,0,0.5,0.15,生石灰,生石灰,生石灰,생석회,0,0,0,0,0,1
Ca(OH)2,Solid,0,1,Calcium hydroxide,Ca(OH)2,Ca(OH)2,2.24,1,0.001,74.09,100,-300,-200,235,0xFFFFFF,1,0xFFFFFF,0.9,0xFFFFFF,0,0xFFFFFF,0,0.5,0.15,消石灰,熟石灰,熟石灰,수산화칼슘,0,0,0,0,0,1
HCl,Solution,4,1,Hydrochloric acid,HCl,HCl,1.18,1,0.001,36.46,100,-114,85,4120,0xFFFF00,1,0xFFFF00,0.3,0xFFFFFF,0,0xFFFFFF,0,0.5,0.15,塩酸,盐酸,鹽酸,염산,0,0,0,0,0,3
H2SO4,Solution,4,1,Sulfuric acid,H2SO4,H2SO4,1.84,1,0.001,98.08,100,10,337,4140,0xFFFF00,1,0xFFFF00,0.3,0xFFFFFF,0,0xFFFFFF,0,0.5,0.15,硫酸,硫酸,硫酸,황산,0,0,0,0,0,3
HNO3,Solution,4,1,Nitric acid,HNO3,HNO3,1.51,1,0.001,63.01,100,-42,83,440,0xFFFF00,1,0xFFFF00,0.3,0xFFFFFF,0,0xFFFFFF,0,0.5,0.15,硝酸,硝酸,硝酸,질산,0,0,0,0,0,3
H3PO4,Solution,4,1,Phosphoric acid,H3PO4,H3PO3,1.88,1,0.001,98,100,-300,-200,235,0xFFFFFF,1,0xFFFFFF,0.3,0xFFFFFF,0,0xFFFFFF,0,0.5,0.15,磷酸,磷酸,磷酸,인산,0,0,0,0,0,3
NaOH,Solid,0,1,Sodium hydroxide,NaOH,NaOH,2.13,1,0.001,40,100,323,1388,235,0xFFFFFF,1,0xFFFFFF,0.9,0xFFFFFF,0,0xFFFFFF,0,0.5,0.15,水酸化钠,氢氧化钠,氫氧化鈉,수산화나트륨,0,0,0,0,0,1
KOH,Solid,0,1,Potassium hydroxide,KOH,KOH,2.12,1,0.001,56.11,100,360,1327,235,0xFFFFFF,1,0xFFFFFF,0.9,0xFFFFFF,0,0xFFFFFF,0,0.5,0.15,水酸化カリウム,氢氧化钾,氫氧化鉀,수산화칼륨,0,0,0,0,0,1
NH3,Solid,0,1,Ammonia,NH3,NH3,0.73,1,0.001,17.03,100,-78,-33,1600,0xFFFFFF,1,0xFFFFFF,0.5,0xFFFFFF,0,0xFFFFFF,0,0.5,0.15,アンモニア,氨,氨,암모니아,0,0,0,0,0,3
NH4Cl,Solid,0,1,Ammonium chloride,NH4Cl,NH4Cl,1.53,1,0.001,53.49,100,-300,-200,312,0xFFFFFF,1,0xFFFFFF,0.9,0xFFFFFF,0,0xFFFFFF,0,0.5,0.15,塩化アンモニウム,氯化铵,氯化銨,염화암모늄,0,0,0,0,0,1
Fe,Solid,0,1,Iron,Fe,Fe,7.87,1,0.001,55.85,0,1538,2861,235,0x4A4A4A,1,0x4A4A4A,0.9,0xFFFFFF,0,0xFFFFFF,0,0.5,0.15,鉄,铁,鐵,철,0,0,0,0,0,2
Fe2O3,Solid,0,1,Iron oxide,Fe2O3,Fe2O3,5.24,1,0.001,159.69,0,1565,99999,235,0x8B0000,1,0x8B0000,0.9,0xFFFFFF,0,0xFFFFFF,0,0.5,0.15,酸化鉄,氧化铁,氧化鐵,산화철,0,0,0,0,0,1
Fe3O4,Solid,0,1,Magnetite,Fe3O4,Fe3O4,5.17,1,0.001,231.53,0,1597,99999,235,0x000000,1,0x000000,0.9,0xFFFFFF,0,0xFFFFFF,0,0.5,0.15,磁铁矿,磁铁矿,磁鐵礦,자철석,0,0,0,0,0,1
Cu,Solid,0,1,Copper,Cu,Cu,8.96,1,0.001,63.55,0,1085,2562,235,0xB87333,1,0xB87333,0.9,0xFFFFFF,0,0xFFFFFF,0,0.5,0.15,銅,铜,銅,구리,0,0,0,0,0,2
CuO,Solid,0,1,Copper oxide,CuO,CuO,6.31,1,0.001,79.55,0,1326,99999,235,0x000000,1,0x000000,0.9,0xFFFFFF,0,0xFFFFFF,0,0.5,0.15,酸化銅,氧化铜,氧化銅,산화구리,0,0,0,0,0,1
CuSO4,Solid,0,1,Copper sulfate,CuSO4,CuSO4,2.28,1,0.001,159.6,100,110,99999,235,0x0000FF,1,0x0000FF,0.9,0xFFFFFF,0,0xFFFFFF,0,0.5,0.15,硫酸銅,硫酸铜,硫酸銅,황산구리,0,0,0,0,1.000000E-06,1
Zn,Solid,0,1,Zinc,Zn,Zn,7.14,1,0.001,65.38,0,420,907,235,0x7D7D7D,1,0x7D7D7D,0.9,0xFFFFFF,0,0xFFFFFF,0,0.5,0.15,亜鉛,锌,鋅,아연,0,0,0,0,0,2
ZnO,Solid,0,1,Zinc oxide,ZnO,ZnO,5.61,1,0.001,81.38,0,1975,99999,235,0xFFFFFF,1,0xFFFFFF,0.9,0xFFFFFF,0,0xFFFFFF,0,0.5,0.15,酸化亜鋁,氧化锌,氧化鋅,아연화물,0,0,0,0,0,1
Mg,Solid,0,1,Magnesium,Mg,Mg,1.74,1,0.001,24.31,0,650,1090,235,0xC0C0C0,1,0xC0C0C0,0.9,0xFFFFFF,0,0xFFFFFF,0,0.5,0.15,マグネシウム,镁,鎂,마그네슘,0,0,0,0,0,2
MgO,Solid,0,1,Magnesium oxide,MgO,MgO,3.58,1,0.001,40.3,0,2852,3600,235,0xFFFFFF,1,0xFFFFFF,0.9,0xFFFFFF,0,0xFFFFFF,0,0.5,0.15,酸化マグネシウム,氧化镁,氧化鎂,산화마그네슘,0,0,0,0,0,1
Pb,Solid,0,1,Lead,Pb,Pb,11.34,1,0.001,207.2,0,327,1749,235,0x4A4A4A,1,0x4A4A4A,0.9,0xFFFFFF,0,0xFFFFFF,0,0.5,0.15,鉛,铅,鉛,납,0,0,0,0,0,2
Hg,Solid,0,1,Mercury,Hg,Hg,13.53,1,0.001,200.59,0,-39,357,235,0xC0C0C0,1,0xC0C0C0,0.9,0xFFFFFF,0,0xFFFFFF,0,0.5,0.15,水銀,汞,汞,수은,0,0,0,0,0,2
Au,Solid,0,1,Gold,Au,Au,19.32,1,0.001,196.97,0,1064,2856,235,0xFFD700,1,0xFFD700,0.9,0xFFFFFF,0,0xFFFFFF,0,0.5,0.15,金,金,金,금,0,0,0,0,0,2
Ra,Solid,0,1,Radium,Ra,Ra,5.5,1,0.001,226,0,700,1737,235,0xFFFFFF,1,0xFFFFFF,0.9,0xFFFFFF,0,0xFFFFFF,0,0.5,0.15,ラジウム,镭,鐳,라듐,0,0,0,0,0,2
U,Solid,0,1,Uranium,U,U,18.95,1,0.001,238.03,0,1132,4131,235,0x4A4A4A,1,0x4A4A4A,0.9,0xFFFFFF,0,0xFFFFFF,0,0.5,0.15,ウラン,铀,鈾,우라늄,0,0,0,0,0,2
Th,Solid,0,1,Thorium,Th,Th,11.72,1,0.001,232.04,0,1750,4788,235,0xC0C0C0,1,0xC0C0C0,0.9,0xFFFFFF,0,0xFFFFFF,0,0.5,0.15,トリウム,钍,釷,토륨,0,0,0,0,0,2
Pt,Solid,0,1,Platinum,Pt,Pt,21.45,1,0.001,195.08,0,1768,3825,235,0xE5E4E2,1,0xE5E4E2,0.9,0xFFFFFF,0,0xFFFFFF,0,0.5,0.15,白金,铂,鉑,백금,0,0,0,0,0,2
Pd,Solid,0,1,Palladium,Pd,Pd,12.02,1,0.001,106.42,0,1555,2963,235,0xC0C0C0,1,0xC0C0C0,0.9,0xFFFFFF,0,0xFFFFFF,0,0.5,0.15,パラジウム,钯,鈀,팔라듐,0,0,0,0,0,2
Ni,Solid,0,1,Nickel,Ni,Ni,8.91,1,0.001,58.69,0,1455,2913,235,0xC0C0C0,1,0xC0C0C0,0.9,0xFFFFFF,0,0xFFFFFF,0,0.5,0.15,ニッケル,镍,鎳,니켈,0,0,0,0,0,2
Co,Solid,0,1,Cobalt,Co,Co,8.86,1,0.001,58.93,0,1495,2927,235,0x7D7D7D,1,0x7D7D7D,0.9,0xFFFFFF,0,0xFFFFFF,0,0.5,0.15,コバルト,钴,鈷,코발트,0,0,0,0,0,2
Mn,Solid,0,1,Manganese,Mn,Mn,7.21,1,0.001,54.94,0,1244,2062,235,0x9D9D9D,1,0x9D9D9D,0.9,0,0x0xFFFFFF,FFFFFF,0,0.5,0.15,マンガン,锰,錳,망가니즈,0,0,0,0,0,2
Cr,Solid,0,1,Chromium,Cr,Cr,7.14,1,0.001,52,0,1907,2671,235,0x8A9A9A,1,0x8A9A9A,0.9,0xFFFFFF,0,0xFFFFFF,0,0.5,0.15,クロム,铬,鉻,크로뮴,0,0,0,0,0,2
Sn,Solid,0,1,Tin,Sn,Sn,7.31,1,0.001,118.71,0,232,2602,235,0xC0C0C0,1,0xC0C0C0,0.9,0xFFFFFF,0,0xFFFFFF,0,0.5,0.15,錫,锡,錫,주석,0,0,0,0,0,2
Ti,Solid,0,1,Titanium,Ti,Ti,4.51,1,0.001,47.87,0,1668,3287,235,0xC0C0C0,1,0xC0C0C0,0.9,0xFFFFFF,0,0xFFFFFF,0,0.5,0.15,チタン,钛,鈦,타이타늄,0,0,0,0,0,2
Si,Solid,0,1,Silicon,Si,Si,2.33,1,0.001,28.09,0,1414,3265,235,0x4A4A4A,1,0x4A4A4A,0.9,0xFFFFFF,0,0xFFFFFF,0,0.5,0.15,ケイ素,硅,硅,규소,0,0,0,0,0,2
B,Solid,0,1,Boron,B,B,2.34,1,0.001,10.81,0,2076,3927,235,0x4A4A4A,1,0x4A4A4A,0.9,0xFFFFFF,0,0xFFFFFF,0,0.5,0.15,ホウ素,硼,硼,붕소,0,0,0,0,0,2
F2,Gas,0,1,Fluorine,F2,F2,0.0016,1,0.001,38,0,-220,-188,235,0xFFFF00,1,0xFFFF00,0.5,0xFFFFFF,0,0xFFFFFF,0,0.5,0.15,フッ素,氟,氟,플루오린,0,0,0,0,0,3
Cl2,Gas,0,1,Chlorine,Cl2,Cl2,0.0032,1,0.001,71,0,-102,-34,235,0xFFFF00,1,0xFFFF00,0.5,0xFFFFFF,0,0xFFFFFF,0,0.5,0.15,塩素,氯,氯,염소,0,0,0,0,0,3
Br2,Liquid,0,1,Bromine,Br2,Br2,3.1,1,0.001,159.81,0,-7,59,235,0x8B0000,1,0x8B0000,0.5,0xFFFFFF,0,0xFFFFFF,0,0.5,0.15,臭素,溴,溴,브로민,0,0,0,0,0,3
I2,Solid,0,1,Iodine,I2,I2,4.93,1,0.001,253.81,0,114,184,235,0x4A0080,1,0x4A0080,0.9,0xFFFFFF,0,0xFFFFFF,0,0.5,0.15,ヨウ素,碘,碘,아이오딘,0,0,0,0,0,2
O3,Gas,0,1,Ozone,O3,O3,0.002,1,0.001,48,0,-112,-108,235,0x87CEEB,1,0x87CEEB,0.5,0xFFFFFF,0,0xFFFFFF,0,0.5,0.15,オゾン,臭氧,臭氧,오존,0,0,0,0,0,3
O2,Gas,0,1,Oxygen,O2,O2,0.0014,1,0.001,32,0,-218,-183,235,0x87CEEB,1,0x87CEEB,0.5,0xFFFFFF,0,0xFFFFFF,0,0.5,0.15,酸素,氧,氧,산소,0,0,0,0,0,3
N2,Gas,0,1,Nitrogen,N2,N2,0.0012,1,0.001,28,0,-210,-196,235,0xFFFFFF,1,0xFFFFFF,0.5,0xFFFFFF,0,0xFFFFFF,0,0.5,0.15,窒素,氮,氮,질소,0,0,0,0,0,3
H2,Gas,0,1,Hydrogen,H2,H2,0.00009,1,0.001,2,0,-259,-253,235,0xFFFFFF,1,0xFFFFFF,0.5,0xFFFFFF,0,0xFFFFFF,0,0.5,0.15,水素,氢,氫,수소,0,0,0,0,0,3
He,Gas,0,1,Helium,He,He,0.00018,1,0.001,4,0,-272,-269,235,0xFFFFFF,1,0xFFFFFF,0.5,0xFFFFFF,0,0xFFFFFF,0,0.5,0.15,ヘリウム,氦,氦,헬륨,0,0,0,0,0,3
Ne,Gas,0,1,Neon,Ne,Ne,0.0009,1,0.001,20,0,-246,-246,235,0xFF0000,1,0xFF0000,0.5,0xFFFFFF,0,0xFFFFFF,0,0.5,0.15,ネオン,氖,氖,네온,0,0,0,0,0,3
Ar,Gas,0,1,Argon,Ar,Ar,0.0018,1,0.001,40,0,-189,-186,235,0x00FF00,1,0x00FF00,0.5,0xFFFFFF,0,0xFFFFFF,0,0.5,0.15,アルゴン,氩,氩,아르곤,0,0,0,0,0,3
CO2,Gas,0,1,Carbon dioxide,CO2,CO2,0.002,1,0.001,44,0,-78,-56,235,0xFFFFFF,1,0xFFFFFF,0.5,0xFFFFFF,0,0xFFFFFF,0,0.5,0.15,二酸化炭素,二氧化碳,二氧化碳,이산화탄소,0,0,0,0,0,3
SO2,Gas,0,1,Sulfur dioxide,SO2,SO2,0.0026,1,0.001,64,0,-72,-10,235,0xFFFF00,1,0xFFFF00,0.5,0xFFFFFF,0,0xFFFFFF,0,0.5,0.15,二酸化硫黄,二氧化硫,二氧化硫,이황화탄소,0,0,0,0,0,3
NO2,Gas,0,1,Nitrogen dioxide,NO2,NO2,0.0019,1,0.001,46,0,-162,21,235,0x8B4513,1,0x8B4513,0.5,0xFFFFFF,0,0xFFFFFF,0,0.5,0.15,二酸化窒素,二氧化氮,二氧化氮,이산화질소,0,0,0,0,0,3
NH4NO3,Solid,0,1,Ammonium nitrate,NH4NO3,NH4NO3,1.72,1,0.001,80,100,210,99999,235,0xFFFFFF,1,0xFFFFFF,0.9,0xFFFFFF,0,0xFFFFFF,0,0.5,0.15,硝酸アンモニウム,硝酸铵,硝酸銨,질산암모늄,0,0,0,0,0,1
KNO3,Solid,0,1,Potassium nitrate,KNO3,KNO3,2.1,1,0.001,101.1,100,334,99999,235,0xFFFFFF,1,0xFFFFFF,0.9,0xFFFFFF,0,0xFFFFFF,0,0.5,0.15,硝酸カリウム,硝酸钾,硝酸鉀,질산칼륨,0,0,0,0,0,1
KClO3,Solid,0,1,Potassium chlorate,KClO3,KClO3,2.32,1,0.001,122.55,0,356,400,235,0xFFFFFF,1,0xFFFFFF,0.9,0xFFFFFF,0,0xFFFFFF,0,0.5,0.15,塩素酸カリウム,氯酸钾,氯酸鉀,염화산칼륨,0,0,0,0,0,1
KMnO4,Solid,0,1,Potassium permanganate,KMnO4,KMnO4,2.7,1,0.001,158.03,100,240,99999,235,0x800080,1,0x800080,0.9,0xFFFFFF,0,0xFFFFFF,0,0.5,0.15,過マンガン酸カリウム,高锰酸钾,高錳酸鉀,과망가론산칼륨,0,0,0,0,0,1
Na2S2O3,Solid,0,1,Sodium thiosulfate,Na2S2O3,Na2S2O3,1.67,1,0.001,158.11,100,48,100,235,0xFFFFFF,1,0xFFFFFF,0.9,0xFFFFFF,0,0xFFFFFF,0,0.5,0.15,チオ硫酸ナトリウム,硫代硫酸钠,硫代硫酸鈉,황화나트륨,0,0,0,0,0,1
H2O2,Solution,4,1,Hydrogen peroxide,H2O2,H2O2,1.45,1,0.001,34.01,100,-0.4,150,4120,0xFFFFFF,1,0xFFFFFF,0.3,0xFFFFFF,0,0xFFFFFF,0,0.5,0.15,過酸化水素,过氧化氢,過氧化氫,과산화수소,0,0,0,0,0,3
